Deck ID,Deck Name,Card ID,Question,Answer,Next Review Date,Repetitions,Easiness Factor,Interval,Tags
75bbea12-ad27-4a91-9fc3-ef0caf016b38,JLPT N5 Vocab,266da9ee-3d55-40c4-9863-ed9d6f96220d,毎朝,まいあさ - every morning,2024-07-20 13:16:35.939772,0,2.5,0,['N5']
75bbea12-ad27-4a91-9fc3-ef0caf016b38,JLPT N5 Vocab,5e940370-7da2-4d9c-bbd8-b3d74b7d2c5f,問題,もんだい - problem,2024-07-20 13:16:35.939772,0,2.5,0,['N5']
75bbea12-ad27-4a91-9fc3-ef0caf016b38,JLPT N5 Vocab,c0f30b6b-0e51-496f-b799-e73f5f860c74,お茶,おちゃ - green tea,2024-07-20 13:16:35.939772,0,2.5,0,['N5']
75bbea12-ad27-4a91-9fc3-ef0caf016b38,JLPT N5 Vocab,52ba2d8a-ea69-492e-aa2d-176df708cfd9,黒,くろ - black,2024-07-20 13:16:35.939772,0,2.5,0,['N5']
75bbea12-ad27-4a91-9fc3-ef0caf016b38,JLPT N5 Vocab,d2d0ba32-affb-40eb-a10a-0ef7a9ca411f,台所,だいどころ - kitchen,2024-07-20 13:16:35.939772,0,2.5,0,['N5']
75bbea12-ad27-4a91-9fc3-ef0caf016b38,JLPT N5 Vocab,21c2a9fc-0c01-4e93-91e4-541de3224cb7,葉書,はがき - postcard,2024-07-20 13:16:35.939772,0,2.5,0,['N5']
75bbea12-ad27-4a91-9fc3-ef0caf016b38,JLPT N5 Vocab,0459b7bf-ea7e-40a5-8662-c93833a977d8,ペン,pen,2024-07-20 13:16:35.939772,0,2.5,0,['N5']
75bbea12-ad27-4a91-9fc3-ef0caf016b38,JLPT N5 Vocab,5e2d6f19-4449-48c4-ac4d-8f6dc01dd4a9,ニュース,news,2024-07-20 13:16:35.939772,0,2.5,0,['N5']
75bbea12-ad27-4a91-9fc3-ef0caf016b38,JLPT N5 Vocab,dbfa30c0-c88f-41cc-ab9e-a2c990174c94,花瓶,かびん - a vase,2024-07-20 13:16:35.939772,0,2.5,0,['N5']
75bbea12-ad27-4a91-9fc3-ef0caf016b38,JLPT N5 Vocab,ea2886a6-0c5d-4026-80f6-94dbb5f99508,フォーク,fork,2024-07-20 13:16:35.939772,0,2.5,0,['N5']
75bbea12-ad27-4a91-9fc3-ef0caf016b38,JLPT N5 Vocab,25aa4e91-2550-4722-97e0-e641d3019bb9,引く,ひく - to pull,2024-07-20 13:16:35.939772,0,2.5,0,['N5']
75bbea12-ad27-4a91-9fc3-ef0caf016b38,JLPT N5 Vocab,759d789a-a5c6-43c7-bec9-9756c7da04cc,フィルム,roll of film,2024-07-20 13:16:35.939772,0,2.5,0,['N5']
75bbea12-ad27-4a91-9fc3-ef0caf016b38,JLPT N5 Vocab,458b2b64-180d-46e4-9aba-a8a03e370303,磨く,"みがく - to brush teeth, to polish",2024-07-20 13:16:35.939772,0,2.5,0,['N5']
75bbea12-ad27-4a91-9fc3-ef0caf016b38,JLPT N5 Vocab,9bd4bf87-c7cf-4e21-b2ee-292b0caba0bd,押す,"おす - to push, to stamp something",2024-07-20 13:16:35.939772,0,2.5,0,['N5']
75bbea12-ad27-4a91-9fc3-ef0caf016b38,JLPT N5 Vocab,87866b00-d1cf-493d-874a-4f8dcec5dadb,売る,うる - to sell,2024-07-20 13:16:35.939772,0,2.5,0,['N5']
75bbea12-ad27-4a91-9fc3-ef0caf016b38,JLPT N5 Vocab,d7801979-0107-4866-b8fc-82410f48f020,電気,"でんき - electricity, electric light",2024-07-20 13:16:35.939772,0,2.5,0,['N5']
75bbea12-ad27-4a91-9fc3-ef0caf016b38,JLPT N5 Vocab,9453d494-2967-4e22-8cbe-2158265acd70,並ぶ,"ならぶ - to line up, to stand in a line",2024-07-20 13:16:35.939772,0,2.5,0,['N5']
75bbea12-ad27-4a91-9fc3-ef0caf016b38,JLPT N5 Vocab,f4ae486c-4d77-4124-a052-8d27927293c6,病気,びょうき - illness,2024-07-20 13:16:35.939772,0,2.5,0,['N5']
75bbea12-ad27-4a91-9fc3-ef0caf016b38,JLPT N5 Vocab,56258d65-e75c-4b58-81b1-11091019959c,ポケット,pocket,2024-07-20 13:16:35.939772,0,2.5,0,['N5']
75bbea12-ad27-4a91-9fc3-ef0caf016b38,JLPT N5 Vocab,b079c22b-820a-40c2-b0ce-d8f372cc7d9a,頭,あたま - head,2024-07-20 13:16:35.939772,0,2.5,0,['N5']
75bbea12-ad27-4a91-9fc3-ef0caf016b38,JLPT N5 Vocab,4fe81f8b-233e-4503-87c9-69bd62fec8d2,はし,chopsticks,2024-07-20 13:16:35.939772,0,2.5,0,['N5']
75bbea12-ad27-4a91-9fc3-ef0caf016b38,JLPT N5 Vocab,0e1ac7a0-e3ec-409c-a43a-e537e06d18c4,英語,えいご - English language,2024-07-20 13:16:35.939772,0,2.5,0,['N5']
75bbea12-ad27-4a91-9fc3-ef0caf016b38,JLPT N5 Vocab,c2f8c24a-ce8d-45c4-beaf-3a2b6fa0a52b,家,いえ - house,2024-07-20 13:16:35.939772,0,2.5,0,['N5']
75bbea12-ad27-4a91-9fc3-ef0caf016b38,JLPT N5 Vocab,041424db-eb96-436d-b352-00a7ec51bb6a,一月,ひとつき - one month,2024-07-20 13:16:35.939772,0,2.5,0,['N5']
75bbea12-ad27-4a91-9fc3-ef0caf016b38,JLPT N5 Vocab,7d68f521-0c79-41cd-91e3-22a15ac86cbd,暑い,あつい - hot,2024-07-20 13:16:35.939772,0,2.5,0,['N5']
75bbea12-ad27-4a91-9fc3-ef0caf016b38,JLPT N5 Vocab,5cfb242e-16c7-4af9-9184-3692c84de892,遊ぶ,"あそぶ - to play, to make a visit",2024-07-20 13:16:35.939772,0,2.5,0,['N5']
75bbea12-ad27-4a91-9fc3-ef0caf016b38,JLPT N5 Vocab,7c732d40-f03d-4ecb-bd34-bfedbff73efa,取る,とる - to take something,2024-07-20 13:16:35.939772,0,2.5,0,['N5']
75bbea12-ad27-4a91-9fc3-ef0caf016b38,JLPT N5 Vocab,5cd179d7-cc66-4dc2-881b-79c0988b3b38,九,きゅう / く - nine,2024-07-20 13:16:35.939772,0,2.5,0,['N5']
75bbea12-ad27-4a91-9fc3-ef0caf016b38,JLPT N5 Vocab,34732e68-e03c-4133-a76d-ba0ffafa1a62,閉める,しめる - to close something,2024-07-20 13:16:35.939772,0,2.5,0,['N5']
75bbea12-ad27-4a91-9fc3-ef0caf016b38,JLPT N5 Vocab,644f0f07-bee5-4876-95a3-5b95c0089281,たいへん,very,2024-07-20 13:16:35.939772,0,2.5,0,['N5']
75bbea12-ad27-4a91-9fc3-ef0caf016b38,JLPT N5 Vocab,08065df6-1afa-4340-96cc-f038d1de9caa,奥さん,おくさん - (honorable) wife,2024-07-20 13:16:35.939772,0,2.5,0,['N5']
75bbea12-ad27-4a91-9fc3-ef0caf016b38,JLPT N5 Vocab,7077d138-38db-4aa3-8c53-8cf2809f6195,作文,"さくぶん - composition, writing",2024-07-20 13:16:35.939772,0,2.5,0,['N5']
75bbea12-ad27-4a91-9fc3-ef0caf016b38,JLPT N5 Vocab,53b33ef2-edcf-40c7-8fc1-f20d110b96b3,便利,"べんり - useful, convenient",2024-07-20 13:16:35.939772,0,2.5,0,['N5']
75bbea12-ad27-4a91-9fc3-ef0caf016b38,JLPT N5 Vocab,f1fbdafc-d5dd-4cbc-927c-e8a9dbb89b0f,右,みぎ - right side,2024-07-20 13:16:35.939772,0,2.5,0,['N5']
75bbea12-ad27-4a91-9fc3-ef0caf016b38,JLPT N5 Vocab,b8d1b538-f778-4a80-b1a4-c3bfafe68f8a,寒い,さむい - cold,2024-07-20 13:16:35.939772,0,2.5,0,['N5']
75bbea12-ad27-4a91-9fc3-ef0caf016b38,JLPT N5 Vocab,426a4507-77c3-4aa0-b135-35a42285d333,あびる,"to bathe, to shower",2024-07-20 13:16:35.939772,0,2.5,0,['N5']
75bbea12-ad27-4a91-9fc3-ef0caf016b38,JLPT N5 Vocab,6f24fffe-5597-4440-b7a6-1a7b1e6df12e,十,じゅう  とお - ten,2024-07-20 13:16:35.939772,0,2.5,0,['N5']
75bbea12-ad27-4a91-9fc3-ef0caf016b38,JLPT N5 Vocab,aebd3fa4-1b10-4513-af8a-cbd6871e32aa,中,なか - middle,2024-07-20 13:16:35.939772,0,2.5,0,['N5']
75bbea12-ad27-4a91-9fc3-ef0caf016b38,JLPT N5 Vocab,9428c0b2-9005-4475-8815-b541b94de9e5,消す,"けす - to erase, to turn off power",2024-07-20 13:16:35.939772,0,2.5,0,['N5']
75bbea12-ad27-4a91-9fc3-ef0caf016b38,JLPT N5 Vocab,1699a925-5b5b-4dfd-a497-7586bf2b31e5,近く,ちかく - near,2024-07-20 13:16:35.939772,0,2.5,0,['N5']
75bbea12-ad27-4a91-9fc3-ef0caf016b38,JLPT N5 Vocab,166e6f59-8f2c-47d5-92ee-656e39ad3b5a,七つ,ななつ - seven,2024-07-20 13:16:35.939772,0,2.5,0,['N5']
75bbea12-ad27-4a91-9fc3-ef0caf016b38,JLPT N5 Vocab,b7650473-5fbc-450a-bfb3-884d9467b2fd,テープレコーダー,tape recorder,2024-07-20 13:16:35.939772,0,2.5,0,['N5']
75bbea12-ad27-4a91-9fc3-ef0caf016b38,JLPT N5 Vocab,028fc6c6-3f25-4745-959e-33955eee8bbc,目,め - eye,2024-07-20 13:16:35.939772,0,2.5,0,['N5']
75bbea12-ad27-4a91-9fc3-ef0caf016b38,JLPT N5 Vocab,3e370389-8d31-470d-bcf0-4878d6741078,空,そら - sky,2024-07-20 13:16:35.939772,0,2.5,0,['N5']
75bbea12-ad27-4a91-9fc3-ef0caf016b38,JLPT N5 Vocab,a47d9eb1-4386-4c47-9466-910f7452ef62,六日,"むいか - six days, sixth day of the month",2024-07-20 13:16:35.939772,0,2.5,0,['N5']
75bbea12-ad27-4a91-9fc3-ef0caf016b38,JLPT N5 Vocab,4e452458-e1a9-4425-a99e-281fefb0fa8a,座る,すわる - to sit,2024-07-20 13:16:35.939772,0,2.5,0,['N5']
75bbea12-ad27-4a91-9fc3-ef0caf016b38,JLPT N5 Vocab,eebb1b28-7069-4038-84cc-cb2368e48758,年,とし - year,2024-07-20 13:16:35.939772,0,2.5,0,['N5']
75bbea12-ad27-4a91-9fc3-ef0caf016b38,JLPT N5 Vocab,b5d5554e-5b3d-4b85-986d-e3d7cb211d55,男の子,おとこのこ - boy,2024-07-20 13:16:35.939772,0,2.5,0,['N5']
75bbea12-ad27-4a91-9fc3-ef0caf016b38,JLPT N5 Vocab,c61040e6-f709-4355-956c-43a2418bd228,狭い,せまい - narrow,2024-07-20 13:16:35.939772,0,2.5,0,['N5']
75bbea12-ad27-4a91-9fc3-ef0caf016b38,JLPT N5 Vocab,ae03ac7b-d636-4c0f-adf7-f1d4f6994a88,冷蔵庫,れいぞうこ - refrigerator,2024-07-20 13:16:35.939772,0,2.5,0,['N5']
75bbea12-ad27-4a91-9fc3-ef0caf016b38,JLPT N5 Vocab,64682eb8-aca4-4e1f-a137-e6f87fed295c,カメラ,camera,2024-07-20 13:16:35.939772,0,2.5,0,['N5']
75bbea12-ad27-4a91-9fc3-ef0caf016b38,JLPT N5 Vocab,6b974e2e-ebc0-4078-8ce3-439c43ec6509,玄関,げんかん - entry hall,2024-07-20 13:16:35.939772,0,2.5,0,['N5']
75bbea12-ad27-4a91-9fc3-ef0caf016b38,JLPT N5 Vocab,c422ab08-6e0c-454b-98a9-0574a4af298d,違う,ちがう - to differ,2024-07-20 13:16:35.939772,0,2.5,0,['N5']
75bbea12-ad27-4a91-9fc3-ef0caf016b38,JLPT N5 Vocab,23bad35e-0e4c-44ee-87c4-9e1ea4fafd69,危ない,あぶない - dangerous,2024-07-20 13:16:35.939772,0,2.5,0,['N5']
75bbea12-ad27-4a91-9fc3-ef0caf016b38,JLPT N5 Vocab,e920f534-0741-45cd-af35-f6c6e4515c1c,分かる,わかる - to be understood,2024-07-20 13:16:35.939772,0,2.5,0,['N5']
75bbea12-ad27-4a91-9fc3-ef0caf016b38,JLPT N5 Vocab,6f5edeae-2d82-4d89-95b3-3b93ae268e5a,言う,いう - to say,2024-07-20 13:16:35.939772,0,2.5,0,['N5']
75bbea12-ad27-4a91-9fc3-ef0caf016b38,JLPT N5 Vocab,077776bd-d21e-4267-9989-67bfb9ab8962,飲む,のむ - to drink,2024-07-20 13:16:35.939772,0,2.5,0,['N5']
75bbea12-ad27-4a91-9fc3-ef0caf016b38,JLPT N5 Vocab,4c1a0497-b41d-4221-93b4-32da9b2fef9f,練習,れんしゅうする - to practice,2024-07-20 13:16:35.939772,0,2.5,0,['N5']
75bbea12-ad27-4a91-9fc3-ef0caf016b38,JLPT N5 Vocab,9ea71a72-7b6f-4268-ac0b-07305249df74,何,なん / なに - what,2024-07-20 13:16:35.939772,0,2.5,0,['N5']
75bbea12-ad27-4a91-9fc3-ef0caf016b38,JLPT N5 Vocab,5e1c0738-86e3-43e5-a6c0-53847f01e13f,厚い,"あつい - kind, deep, thick",2024-07-20 13:16:35.939772,0,2.5,0,['N5']
75bbea12-ad27-4a91-9fc3-ef0caf016b38,JLPT N5 Vocab,04b8fcaa-550e-4e5c-a3ba-f95f83cc8b58,毎月,まいげつ / まいつき - every month,2024-07-20 13:16:35.939772,0,2.5,0,['N5']
75bbea12-ad27-4a91-9fc3-ef0caf016b38,JLPT N5 Vocab,30d2350b-8e61-4057-9b4a-ab31b823a07b,閉まる,"しまる - to close, to be closed",2024-07-20 13:16:35.939772,0,2.5,0,['N5']
75bbea12-ad27-4a91-9fc3-ef0caf016b38,JLPT N5 Vocab,3cf15bdc-9402-42ff-9741-6397ea748b1b,脱ぐ,ぬぐ - to take off clothes,2024-07-20 13:16:35.939772,0,2.5,0,['N5']
75bbea12-ad27-4a91-9fc3-ef0caf016b38,JLPT N5 Vocab,55f2c160-138e-4094-b898-7d8eb21e01cd,黒い,くろい - black,2024-07-20 13:16:35.939772,0,2.5,0,['N5']
75bbea12-ad27-4a91-9fc3-ef0caf016b38,JLPT N5 Vocab,88f8b7d8-b3a3-49a3-a4a9-78cff36150ae,登る,のぼる - to climb,2024-07-20 13:16:35.939772,0,2.5,0,['N5']
75bbea12-ad27-4a91-9fc3-ef0caf016b38,JLPT N5 Vocab,0a444ffa-be70-4e0c-99ac-51013e8621fe,汚い,きたない - dirty,2024-07-20 13:16:35.939772,0,2.5,0,['N5']
75bbea12-ad27-4a91-9fc3-ef0caf016b38,JLPT N5 Vocab,ab9a86bd-dce5-41aa-8f0c-3e5974d87552,雨,あめ - rain,2024-07-20 13:16:35.939772,0,2.5,0,['N5']
75bbea12-ad27-4a91-9fc3-ef0caf016b38,JLPT N5 Vocab,2cbd097e-c663-4bfa-ad7a-43e836ffce21,お皿,"おさら - plate, dish",2024-07-20 13:16:35.939772,0,2.5,0,['N5']
75bbea12-ad27-4a91-9fc3-ef0caf016b38,JLPT N5 Vocab,531ea1a8-e072-4bee-8255-0703c8c60478,速い,はやい - quick,2024-07-20 13:16:35.939772,0,2.5,0,['N5']
75bbea12-ad27-4a91-9fc3-ef0caf016b38,JLPT N5 Vocab,77f999de-561c-4f91-acf2-5c9fc231533a,お風呂,おふろ - bath,2024-07-20 13:16:35.939772,0,2.5,0,['N5']
75bbea12-ad27-4a91-9fc3-ef0caf016b38,JLPT N5 Vocab,7113e100-140e-4983-af57-91befe4b0613,新しい,あたらしい - new,2024-07-20 13:16:35.939772,0,2.5,0,['N5']
75bbea12-ad27-4a91-9fc3-ef0caf016b38,JLPT N5 Vocab,eae5d038-6228-4d4e-95fc-7209c7b3e06d,廊下,ろうか - corridor,2024-07-20 13:16:35.939772,0,2.5,0,['N5']
75bbea12-ad27-4a91-9fc3-ef0caf016b38,JLPT N5 Vocab,40f0c1a2-283f-49dc-98e9-a39dba9c9890,茶色,ちゃいろ - brown,2024-07-20 13:16:35.939772,0,2.5,0,['N5']
75bbea12-ad27-4a91-9fc3-ef0caf016b38,JLPT N5 Vocab,0071724b-4c7c-42fb-be2f-6b912402ae11,コート,"coat, tennis court",2024-07-20 13:16:35.939772,0,2.5,0,['N5']
75bbea12-ad27-4a91-9fc3-ef0caf016b38,JLPT N5 Vocab,5ec3f260-4894-41d6-b51f-6175c728be06,手紙,てがみ - letter,2024-07-20 13:16:35.939772,0,2.5,0,['N5']
75bbea12-ad27-4a91-9fc3-ef0caf016b38,JLPT N5 Vocab,38023ec8-acab-429a-97f8-034a4a46fd91,要る,いる - to need,2024-07-20 13:16:35.939772,0,2.5,0,['N5']
75bbea12-ad27-4a91-9fc3-ef0caf016b38,JLPT N5 Vocab,53485966-ae5a-4f00-9d53-94f22f214bfe,こっち,this person or way,2024-07-20 13:16:35.939772,0,2.5,0,['N5']
75bbea12-ad27-4a91-9fc3-ef0caf016b38,JLPT N5 Vocab,f7cb8fcc-5a1b-426b-ab66-f0a3a48c59c6,スプーン,spoon,2024-07-20 13:16:35.939772,0,2.5,0,['N5']
75bbea12-ad27-4a91-9fc3-ef0caf016b38,JLPT N5 Vocab,9b4ad32a-ada1-49ac-8994-c4b1fa2530a5,時々,ときどき - sometimes,2024-07-20 13:16:35.939772,0,2.5,0,['N5']
75bbea12-ad27-4a91-9fc3-ef0caf016b38,JLPT N5 Vocab,10fc5fee-4aa6-45d2-b2f3-3d5f0a1dd1aa,傘,かさ - umbrella,2024-07-20 13:16:35.939772,0,2.5,0,['N5']
75bbea12-ad27-4a91-9fc3-ef0caf016b38,JLPT N5 Vocab,0bd4911b-2428-470d-bcb2-4a208cc77e82,いい / よい,good,2024-07-20 13:16:35.939772,0,2.5,0,['N5']
75bbea12-ad27-4a91-9fc3-ef0caf016b38,JLPT N5 Vocab,2e9330a2-d9a1-42b0-a0f4-d0171a53d061,電話,でんわ - telephone,2024-07-20 13:16:35.939772,0,2.5,0,['N5']
75bbea12-ad27-4a91-9fc3-ef0caf016b38,JLPT N5 Vocab,a7619e93-c874-45e6-a669-344686e7c3d5,勤める,つとめる - to work for someone,2024-07-20 13:16:35.939772,0,2.5,0,['N5']
75bbea12-ad27-4a91-9fc3-ef0caf016b38,JLPT N5 Vocab,406b52da-8e72-4e92-9bcf-d92e0522be5e,安い,やすい - cheap,2024-07-20 13:16:35.939772,0,2.5,0,['N5']
75bbea12-ad27-4a91-9fc3-ef0caf016b38,JLPT N5 Vocab,f26bb310-34e3-4afd-b717-da874d295d5f,どう,"how, in what way",2024-07-20 13:16:35.939772,0,2.5,0,['N5']
75bbea12-ad27-4a91-9fc3-ef0caf016b38,JLPT N5 Vocab,4302dc6e-63fc-4cca-8dd1-52b73f12ef3e,道,みち - street,2024-07-20 13:16:35.939772,0,2.5,0,['N5']
75bbea12-ad27-4a91-9fc3-ef0caf016b38,JLPT N5 Vocab,e30c9f7d-4bd1-48f7-9ceb-1173f7b11cd2,バス,bus,2024-07-20 13:16:35.939772,0,2.5,0,['N5']
75bbea12-ad27-4a91-9fc3-ef0caf016b38,JLPT N5 Vocab,df43e2a7-2cf0-4c8e-b81c-ef4f50609d2f,クラス,class,2024-07-20 13:16:35.939772,0,2.5,0,['N5']
75bbea12-ad27-4a91-9fc3-ef0caf016b38,JLPT N5 Vocab,5a418592-db76-4176-9c1c-8b0cfb2ef681,差す,"さす - to stretch out hands, to raise an umbrella",2024-07-20 13:16:35.939772,0,2.5,0,['N5']
75bbea12-ad27-4a91-9fc3-ef0caf016b38,JLPT N5 Vocab,a90e195d-6593-44b0-8600-27892c1a246a,スポーツ,sport,2024-07-20 13:16:35.939772,0,2.5,0,['N5']
75bbea12-ad27-4a91-9fc3-ef0caf016b38,JLPT N5 Vocab,2dc3598e-1082-4e74-aefc-e687b099f562,どっち,which,2024-07-20 13:16:35.939772,0,2.5,0,['N5']
75bbea12-ad27-4a91-9fc3-ef0caf016b38,JLPT N5 Vocab,791de248-a804-44df-a127-4805d0ba1a14,そば,"near, beside",2024-07-20 13:16:35.939772,0,2.5,0,['N5']
75bbea12-ad27-4a91-9fc3-ef0caf016b38,JLPT N5 Vocab,d7460123-2fcc-4461-8559-ade1a4a971e4,新聞,しんぶん - newspaper,2024-07-20 13:16:35.939772,0,2.5,0,['N5']
75bbea12-ad27-4a91-9fc3-ef0caf016b38,JLPT N5 Vocab,2aa3dcbf-d195-4c55-ad6e-8969eb4d947e,どうして,for what reason,2024-07-20 13:16:35.939772,0,2.5,0,['N5']
75bbea12-ad27-4a91-9fc3-ef0caf016b38,JLPT N5 Vocab,5b54f3d2-2c25-467f-9618-ea06c2597cdd,庭,にわ - garden,2024-07-20 13:16:35.939772,0,2.5,0,['N5']
75bbea12-ad27-4a91-9fc3-ef0caf016b38,JLPT N5 Vocab,2347c3b5-55e5-4b0a-beeb-b36625569a8f,大きな,おおきな - big,2024-07-20 13:16:35.939772,0,2.5,0,['N5']
75bbea12-ad27-4a91-9fc3-ef0caf016b38,JLPT N5 Vocab,0edc292f-4db0-4483-8adb-405ac25c4d1a,辺,へん - area,2024-07-20 13:16:35.939772,0,2.5,0,['N5']
75bbea12-ad27-4a91-9fc3-ef0caf016b38,JLPT N5 Vocab,2ef50f4c-d3dc-4b69-844f-08b918d13bb7,番号,ばんごう - number,2024-07-20 13:16:35.939772,0,2.5,0,['N5']
75bbea12-ad27-4a91-9fc3-ef0caf016b38,JLPT N5 Vocab,7211708e-872f-48d7-8465-ee8377fc3226,家族,かぞく - family,2024-07-20 13:16:35.939772,0,2.5,0,['N5']
75bbea12-ad27-4a91-9fc3-ef0caf016b38,JLPT N5 Vocab,4fab2287-c421-4433-a608-46b4c68e70a8,下手,へた - unskillful,2024-07-20 13:16:35.939772,0,2.5,0,['N5']
75bbea12-ad27-4a91-9fc3-ef0caf016b38,JLPT N5 Vocab,64a1b519-7eb4-4e03-82cc-d9599cb452f9,料理,りょうり - cuisine,2024-07-20 13:16:35.939772,0,2.5,0,['N5']
75bbea12-ad27-4a91-9fc3-ef0caf016b38,JLPT N5 Vocab,d35042ee-8810-4924-aec9-bf42c48d4814,カレー,curry,2024-07-20 13:16:35.939772,0,2.5,0,['N5']
75bbea12-ad27-4a91-9fc3-ef0caf016b38,JLPT N5 Vocab,52035e14-bb0d-46f2-b394-ecacb6b93315,六,ろく - six,2024-07-20 13:16:35.939772,0,2.5,0,['N5']
75bbea12-ad27-4a91-9fc3-ef0caf016b38,JLPT N5 Vocab,c3346f80-30a3-4211-a81e-797ff1c3aad8,今年,ことし - this year,2024-07-20 13:16:35.939772,0,2.5,0,['N5']
75bbea12-ad27-4a91-9fc3-ef0caf016b38,JLPT N5 Vocab,3237b4d8-7ceb-4ab5-bcfb-f95b5d0bab8f,初めて,はじめて - for the first time,2024-07-20 13:16:35.939772,0,2.5,0,['N5']
75bbea12-ad27-4a91-9fc3-ef0caf016b38,JLPT N5 Vocab,344a9d9c-23f6-4fab-9eca-619be076db8c,風邪,かぜ - a cold,2024-07-20 13:16:35.939772,0,2.5,0,['N5']
75bbea12-ad27-4a91-9fc3-ef0caf016b38,JLPT N5 Vocab,aa2687db-19f2-4d2e-866f-8204319e9f26,赤い,あかい - red,2024-07-20 13:16:35.939772,0,2.5,0,['N5']
75bbea12-ad27-4a91-9fc3-ef0caf016b38,JLPT N5 Vocab,a95c6297-3bc3-4d50-9c4a-067789ee31e9,甘い,あまい - sweet,2024-07-20 13:16:35.939772,0,2.5,0,['N5']
75bbea12-ad27-4a91-9fc3-ef0caf016b38,JLPT N5 Vocab,367a14e7-aca3-4c1f-bfaa-ff06d37b88e9,西,にし - west,2024-07-20 13:16:35.939772,0,2.5,0,['N5']
75bbea12-ad27-4a91-9fc3-ef0caf016b38,JLPT N5 Vocab,32d21581-6efa-4c01-814f-fcf9d5e2fb9b,毎週,まいしゅう - every week,2024-07-20 13:16:35.939772,0,2.5,0,['N5']
75bbea12-ad27-4a91-9fc3-ef0caf016b38,JLPT N5 Vocab,8c8a9b4c-6d1c-4dff-bc06-e6b727636c21,いつも,always,2024-07-20 13:16:35.939772,0,2.5,0,['N5']
75bbea12-ad27-4a91-9fc3-ef0caf016b38,JLPT N5 Vocab,3a3aad78-d563-427d-bb82-3fb78d70493f,五つ,いつつ - five,2024-07-20 13:16:35.939772,0,2.5,0,['N5']
75bbea12-ad27-4a91-9fc3-ef0caf016b38,JLPT N5 Vocab,70733cdd-8583-46de-9eb4-7b3b3681b20a,建物,たてもの - building,2024-07-20 13:16:35.939772,0,2.5,0,['N5']
75bbea12-ad27-4a91-9fc3-ef0caf016b38,JLPT N5 Vocab,5d006534-bf4a-4287-847f-9fa2b8d75d27,なる,to become,2024-07-20 13:16:35.939772,0,2.5,0,['N5']
75bbea12-ad27-4a91-9fc3-ef0caf016b38,JLPT N5 Vocab,dbdfcd11-9e84-4954-b70d-1cb613c2c109,まっすぐ,"straight ahead, direct",2024-07-20 13:16:35.939772,0,2.5,0,['N5']
75bbea12-ad27-4a91-9fc3-ef0caf016b38,JLPT N5 Vocab,440d860d-97c9-4f9c-a339-a0ee098bedf6,作る,つくる - to make,2024-07-20 13:16:35.939772,0,2.5,0,['N5']
75bbea12-ad27-4a91-9fc3-ef0caf016b38,JLPT N5 Vocab,db1f5ada-167c-4088-be7b-195b96d9dcb3,風,かぜ - wind,2024-07-20 13:16:35.939772,0,2.5,0,['N5']
75bbea12-ad27-4a91-9fc3-ef0caf016b38,JLPT N5 Vocab,80ef7b54-5497-416b-9c9d-2c88faa3c3ed,少し,すこし - few,2024-07-20 13:16:35.939772,0,2.5,0,['N5']
75bbea12-ad27-4a91-9fc3-ef0caf016b38,JLPT N5 Vocab,e290aca9-6d64-42b7-8c18-fdccee10c17e,大学,だいがく - university,2024-07-20 13:16:35.939772,0,2.5,0,['N5']
75bbea12-ad27-4a91-9fc3-ef0caf016b38,JLPT N5 Vocab,0320e3e2-0be3-4a10-8ea3-e30a8e85f5a4,シャツ,shirt,2024-07-20 13:16:35.939772,0,2.5,0,['N5']
75bbea12-ad27-4a91-9fc3-ef0caf016b38,JLPT N5 Vocab,3e9970f3-6b4b-4864-a517-401fb30e0a60,病院,びょういん - hospital,2024-07-20 13:16:35.939772,0,2.5,0,['N5']
75bbea12-ad27-4a91-9fc3-ef0caf016b38,JLPT N5 Vocab,3965c865-1041-4c38-aaaa-e79b3a8a659a,会社,かいしゃ - company,2024-07-20 13:16:35.939772,0,2.5,0,['N5']
75bbea12-ad27-4a91-9fc3-ef0caf016b38,JLPT N5 Vocab,213c8bd3-7a24-4d46-bc7a-cb9f5920a9ee,無くす,なくす - to lose something,2024-07-20 13:16:35.939772,0,2.5,0,['N5']
75bbea12-ad27-4a91-9fc3-ef0caf016b38,JLPT N5 Vocab,fc38b3ff-826a-4e74-bb12-6603dfde63bf,スリッパ,slippers,2024-07-20 13:16:35.939772,0,2.5,0,['N5']
75bbea12-ad27-4a91-9fc3-ef0caf016b38,JLPT N5 Vocab,6339e0a6-aa38-4d56-a0b5-623da24cf449,地下鉄,ちかてつ - underground train,2024-07-20 13:16:35.939772,0,2.5,0,['N5']
75bbea12-ad27-4a91-9fc3-ef0caf016b38,JLPT N5 Vocab,4bea3c5b-992f-40db-9ca3-010345e09ee3,ページ,page,2024-07-20 13:16:35.939772,0,2.5,0,['N5']
75bbea12-ad27-4a91-9fc3-ef0caf016b38,JLPT N5 Vocab,6e390af8-fa01-4788-a001-42486161d3bf,曇る,"くもる - to become cloudy, to become dim",2024-07-20 13:16:35.939772,0,2.5,0,['N5']
75bbea12-ad27-4a91-9fc3-ef0caf016b38,JLPT N5 Vocab,82f60961-114f-474b-813e-71b2b48edf30,辞書,じしょ - dictionary,2024-07-20 13:16:35.939772,0,2.5,0,['N5']
75bbea12-ad27-4a91-9fc3-ef0caf016b38,JLPT N5 Vocab,a0852a65-6a72-44cf-b6d0-f2fb7d092b0b,万年筆,まんねんひつ - fountain pen,2024-07-20 13:16:35.939772,0,2.5,0,['N5']
75bbea12-ad27-4a91-9fc3-ef0caf016b38,JLPT N5 Vocab,2b7cb124-998c-4adb-9e14-41a9010e421d,海,うみ - sea,2024-07-20 13:16:35.939772,0,2.5,0,['N5']
75bbea12-ad27-4a91-9fc3-ef0caf016b38,JLPT N5 Vocab,e022ae55-c595-4332-ab44-394bd377e7c1,エレベーター,elevator,2024-07-20 13:16:35.939772,0,2.5,0,['N5']
75bbea12-ad27-4a91-9fc3-ef0caf016b38,JLPT N5 Vocab,ab03df59-e21c-482e-81a9-4c0659e1ee7d,たぶん,probably,2024-07-20 13:16:35.939772,0,2.5,0,['N5']
75bbea12-ad27-4a91-9fc3-ef0caf016b38,JLPT N5 Vocab,d2dc3758-a10b-48b3-ac86-b6a38a4f0ab4,夕方,ゆうがた - evening,2024-07-20 13:16:35.939772,0,2.5,0,['N5']
75bbea12-ad27-4a91-9fc3-ef0caf016b38,JLPT N5 Vocab,930e141a-c853-4243-a11f-c930f066c5b9,東,ひがし - east,2024-07-20 13:16:35.939772,0,2.5,0,['N5']
75bbea12-ad27-4a91-9fc3-ef0caf016b38,JLPT N5 Vocab,14585447-97a2-421b-8601-b0859dffd947,声,こえ - voice,2024-07-20 13:16:35.939772,0,2.5,0,['N5']
75bbea12-ad27-4a91-9fc3-ef0caf016b38,JLPT N5 Vocab,a1329ca5-144a-4665-9d28-337974563297,撮る,とる - to take a photo or record a film,2024-07-20 13:16:35.939772,0,2.5,0,['N5']
75bbea12-ad27-4a91-9fc3-ef0caf016b38,JLPT N5 Vocab,31f078f2-dbc8-43a2-9648-eac2a69dbcd2,私,"わたくし - (humble) I, myself",2024-07-20 13:16:35.939772,0,2.5,0,['N5']
75bbea12-ad27-4a91-9fc3-ef0caf016b38,JLPT N5 Vocab,05b4c507-9e3f-4008-89c0-f5a1b4ea5e23,両親,りょうしん - both parents,2024-07-20 13:16:35.939772,0,2.5,0,['N5']
75bbea12-ad27-4a91-9fc3-ef0caf016b38,JLPT N5 Vocab,5d42c4eb-5bbb-4b96-8179-6bfe21f6ee62,きれい,"pretty, clean",2024-07-20 13:16:35.939772,0,2.5,0,['N5']
75bbea12-ad27-4a91-9fc3-ef0caf016b38,JLPT N5 Vocab,9900e9e7-76a8-4cc8-82ce-c3d74e82f79b,どうぞ,please,2024-07-20 13:16:35.939772,0,2.5,0,['N5']
75bbea12-ad27-4a91-9fc3-ef0caf016b38,JLPT N5 Vocab,a1290a7a-4a81-4c03-a5eb-19974eb1c791,好き,すき - likeable,2024-07-20 13:16:35.939772,0,2.5,0,['N5']
75bbea12-ad27-4a91-9fc3-ef0caf016b38,JLPT N5 Vocab,656d0fbe-c944-4f6e-b592-47f5e0dcb6df,静か,しずか - quiet,2024-07-20 13:16:35.939772,0,2.5,0,['N5']
75bbea12-ad27-4a91-9fc3-ef0caf016b38,JLPT N5 Vocab,4d7f5644-caf4-4e2b-a2d3-5b976f485b07,お父さん,おとうさん - (honorable) father,2024-07-20 13:16:35.939772,0,2.5,0,['N5']
75bbea12-ad27-4a91-9fc3-ef0caf016b38,JLPT N5 Vocab,043d3ece-0c03-4c53-809a-5c53891d0fc2,人,ひと - person,2024-07-20 13:16:35.939772,0,2.5,0,['N5']
75bbea12-ad27-4a91-9fc3-ef0caf016b38,JLPT N5 Vocab,7c32610f-41e7-47ae-8783-cda743a28c0e,覚える,おぼえる - to remember,2024-07-20 13:16:35.939772,0,2.5,0,['N5']
75bbea12-ad27-4a91-9fc3-ef0caf016b38,JLPT N5 Vocab,3c10325a-d4ed-470c-9ea8-3a6493e12128,休み,"やすみ - rest, holiday",2024-07-20 13:16:35.939772,0,2.5,0,['N5']
75bbea12-ad27-4a91-9fc3-ef0caf016b38,JLPT N5 Vocab,8d23b9d4-c6f7-4cfe-b4a2-c94e4dd44377,池,いけ - pond,2024-07-20 13:16:35.939772,0,2.5,0,['N5']
75bbea12-ad27-4a91-9fc3-ef0caf016b38,JLPT N5 Vocab,f4ca0604-4b99-4f7d-a0df-ca2e4c726dc2,始まる,はじまる - to begin,2024-07-20 13:16:35.939772,0,2.5,0,['N5']
75bbea12-ad27-4a91-9fc3-ef0caf016b38,JLPT N5 Vocab,af9a1ced-35ec-4d72-a3e1-3f1223fa3273,困る,こまる - to be worried,2024-07-20 13:16:35.939772,0,2.5,0,['N5']
75bbea12-ad27-4a91-9fc3-ef0caf016b38,JLPT N5 Vocab,c0e0ff20-d3f5-476e-86c6-20d910e57012,ほか,"other, the rest",2024-07-20 13:16:35.939772,0,2.5,0,['N5']
75bbea12-ad27-4a91-9fc3-ef0caf016b38,JLPT N5 Vocab,8f71fe08-a881-433e-88d0-d3d905b27172,ちゃわん,rice bowl,2024-07-20 13:16:35.939772,0,2.5,0,['N5']
75bbea12-ad27-4a91-9fc3-ef0caf016b38,JLPT N5 Vocab,f0d62cee-e3c6-4e56-80c1-cde4c2325940,疲れる,つかれる - to get tired,2024-07-20 13:16:35.939772,0,2.5,0,['N5']
75bbea12-ad27-4a91-9fc3-ef0caf016b38,JLPT N5 Vocab,b67ade3e-d20d-4879-8bc8-6563db6ef77b,掃除,"そうじする - to clean, to sweep",2024-07-20 13:16:35.939772,0,2.5,0,['N5']
75bbea12-ad27-4a91-9fc3-ef0caf016b38,JLPT N5 Vocab,3617fcca-243f-4579-8697-bbe2149dc4bb,賑やか,"にぎやか - bustling, busy",2024-07-20 13:16:35.939772,0,2.5,0,['N5']
75bbea12-ad27-4a91-9fc3-ef0caf016b38,JLPT N5 Vocab,892c8df3-7328-426f-928d-ae8030695968,一つ,ひとつ - one,2024-07-20 13:16:35.939772,0,2.5,0,['N5']
75bbea12-ad27-4a91-9fc3-ef0caf016b38,JLPT N5 Vocab,b5cdfad4-5793-422b-a2f9-c6a80d362023,来週,らいしゅう - next week,2024-07-20 13:16:35.939772,0,2.5,0,['N5']
75bbea12-ad27-4a91-9fc3-ef0caf016b38,JLPT N5 Vocab,a89a579a-38cb-4824-8dc2-b8de8dd194bd,財布,さいふ - wallet,2024-07-20 13:16:35.939772,0,2.5,0,['N5']
75bbea12-ad27-4a91-9fc3-ef0caf016b38,JLPT N5 Vocab,d0aa3f15-b84d-47f3-a503-e7617a2b4dcc,知る,しる - to know,2024-07-20 13:16:35.939772,0,2.5,0,['N5']
75bbea12-ad27-4a91-9fc3-ef0caf016b38,JLPT N5 Vocab,e0278cad-291a-4c88-8033-469f899e7c70,教える,"おしえる - to teach, to tell",2024-07-20 13:16:35.939772,0,2.5,0,['N5']
75bbea12-ad27-4a91-9fc3-ef0caf016b38,JLPT N5 Vocab,7fe9c380-12f0-422e-867a-7e9b41dee057,朝御飯,あさごはん - breakfast,2024-07-20 13:16:35.939772,0,2.5,0,['N5']
75bbea12-ad27-4a91-9fc3-ef0caf016b38,JLPT N5 Vocab,3cc2e9ea-7dcb-4867-973f-663a0855dbdb,飛ぶ,"とぶ - to fly, to hop",2024-07-20 13:16:35.939772,0,2.5,0,['N5']
75bbea12-ad27-4a91-9fc3-ef0caf016b38,JLPT N5 Vocab,b6c05916-d80b-4ce0-8114-cf696b0a809c,言葉,"ことば - word, language",2024-07-20 13:16:35.939772,0,2.5,0,['N5']
75bbea12-ad27-4a91-9fc3-ef0caf016b38,JLPT N5 Vocab,a7c70b3a-aa4c-48d4-9276-8e98c491a69e,キロ / キログラム,kilogram,2024-07-20 13:16:35.939772,0,2.5,0,['N5']
75bbea12-ad27-4a91-9fc3-ef0caf016b38,JLPT N5 Vocab,33c0ac09-ccea-4543-8cf7-81d42f35e844,赤,あか - red,2024-07-20 13:16:35.939772,0,2.5,0,['N5']
75bbea12-ad27-4a91-9fc3-ef0caf016b38,JLPT N5 Vocab,d71565b2-e781-452a-a974-e9bf012dff46,自分,じぶん - oneself,2024-07-20 13:16:35.939772,0,2.5,0,['N5']
75bbea12-ad27-4a91-9fc3-ef0caf016b38,JLPT N5 Vocab,1a7f9b4a-09f1-4906-86a9-981c6bff4a0a,デパート,department store,2024-07-20 13:16:35.939772,0,2.5,0,['N5']
75bbea12-ad27-4a91-9fc3-ef0caf016b38,JLPT N5 Vocab,a7f55acc-966e-467b-80ea-33173612a5ca,薄い,"うすい - thin, weak",2024-07-20 13:16:35.939772,0,2.5,0,['N5']
75bbea12-ad27-4a91-9fc3-ef0caf016b38,JLPT N5 Vocab,adf057b6-b97d-4734-9516-f711c0a2d553,高い,"たかい - tall, expensive",2024-07-20 13:16:35.939772,0,2.5,0,['N5']
75bbea12-ad27-4a91-9fc3-ef0caf016b38,JLPT N5 Vocab,eff16438-fe97-4046-9bcf-5b062c0a901a,帰る,かえる - to go back,2024-07-20 13:16:35.939772,0,2.5,0,['N5']
75bbea12-ad27-4a91-9fc3-ef0caf016b38,JLPT N5 Vocab,cd9685ca-acc9-47ee-9701-ff3443059296,はい,yes,2024-07-20 13:16:35.939772,0,2.5,0,['N5']
75bbea12-ad27-4a91-9fc3-ef0caf016b38,JLPT N5 Vocab,e59042a1-5337-445b-87d1-3907f40ae697,卵,たまご - egg,2024-07-20 13:16:35.939772,0,2.5,0,['N5']
75bbea12-ad27-4a91-9fc3-ef0caf016b38,JLPT N5 Vocab,72e944f5-0bb8-439e-b25c-bf7d83222852,低い,"ひくい - short, low",2024-07-20 13:16:35.939772,0,2.5,0,['N5']
75bbea12-ad27-4a91-9fc3-ef0caf016b38,JLPT N5 Vocab,2d9622da-fb1b-45e6-9013-2824ac8e3449,なぜ,why,2024-07-20 13:16:35.939772,0,2.5,0,['N5']
75bbea12-ad27-4a91-9fc3-ef0caf016b38,JLPT N5 Vocab,3ccc89b4-7750-4a12-a933-596640a310e0,一日,"いちにち - (1) one day, (2) first of month",2024-07-20 13:16:35.939772,0,2.5,0,['N5']
75bbea12-ad27-4a91-9fc3-ef0caf016b38,JLPT N5 Vocab,a245cc0b-25d9-451d-9daa-d71d0c0a2566,いいえ,no,2024-07-20 13:16:35.939772,0,2.5,0,['N5']
75bbea12-ad27-4a91-9fc3-ef0caf016b38,JLPT N5 Vocab,d72b4cce-d5eb-41f9-b213-62ed1ee7054c,小さな,ちいさな - little,2024-07-20 13:16:35.939772,0,2.5,0,['N5']
75bbea12-ad27-4a91-9fc3-ef0caf016b38,JLPT N5 Vocab,98b98967-1bc4-419f-83fe-7eda8e990089,時間,じかん - time,2024-07-20 13:16:35.939772,0,2.5,0,['N5']
75bbea12-ad27-4a91-9fc3-ef0caf016b38,JLPT N5 Vocab,feb87ce4-499e-4dbb-b9b4-129b7d9103e9,上げる,あげる - to give,2024-07-20 13:16:35.939772,0,2.5,0,['N5']
75bbea12-ad27-4a91-9fc3-ef0caf016b38,JLPT N5 Vocab,a1208858-c0a4-4ac3-99f1-c9da8de13c35,ふろ,bath,2024-07-20 13:16:35.939772,0,2.5,0,['N5']
75bbea12-ad27-4a91-9fc3-ef0caf016b38,JLPT N5 Vocab,51b15294-14a1-4e28-84de-df98c95b910a,生徒,せいと - pupil,2024-07-20 13:16:35.939772,0,2.5,0,['N5']
75bbea12-ad27-4a91-9fc3-ef0caf016b38,JLPT N5 Vocab,5f6b634b-a527-430e-a6b6-5c9b77f22ac5,レストラン,restaurant,2024-07-20 13:16:35.939772,0,2.5,0,['N5']
75bbea12-ad27-4a91-9fc3-ef0caf016b38,JLPT N5 Vocab,75aded34-ee17-45b7-a141-b3e3df898565,出す,だす - to put out,2024-07-20 13:16:35.939772,0,2.5,0,['N5']
75bbea12-ad27-4a91-9fc3-ef0caf016b38,JLPT N5 Vocab,89bcf965-d352-42a0-8fc4-6531553ae8c9,かわいい,cute,2024-07-20 13:16:35.939772,0,2.5,0,['N5']
75bbea12-ad27-4a91-9fc3-ef0caf016b38,JLPT N5 Vocab,cdea0e8e-606a-491c-9f29-89086b43e062,音楽,おんがく - music,2024-07-20 13:16:35.939772,0,2.5,0,['N5']
75bbea12-ad27-4a91-9fc3-ef0caf016b38,JLPT N5 Vocab,fc4b1826-4749-4561-bcf7-becee067efcf,歌,うた - song,2024-07-20 13:16:35.939772,0,2.5,0,['N5']
75bbea12-ad27-4a91-9fc3-ef0caf016b38,JLPT N5 Vocab,de6910d1-e725-4a04-a119-57de78909c1e,いちばん,"best, first",2024-07-20 13:16:35.939772,0,2.5,0,['N5']
75bbea12-ad27-4a91-9fc3-ef0caf016b38,JLPT N5 Vocab,96723d59-4d34-4618-bca8-314dfca24f54,咲く,さく - to bloom,2024-07-20 13:16:35.939772,0,2.5,0,['N5']
75bbea12-ad27-4a91-9fc3-ef0caf016b38,JLPT N5 Vocab,78555fd0-0f9c-41d9-b5a1-b3f4ee75737e,山,やま - mountain,2024-07-20 13:16:35.939772,0,2.5,0,['N5']
75bbea12-ad27-4a91-9fc3-ef0caf016b38,JLPT N5 Vocab,041d85b8-ab63-45c4-b11a-85cdc68aa676,テレビ,television,2024-07-20 13:16:35.939772,0,2.5,0,['N5']
75bbea12-ad27-4a91-9fc3-ef0caf016b38,JLPT N5 Vocab,0deb3a43-df26-4a12-a66d-8a6de64245f3,授業,"じゅぎょう - lesson, class work",2024-07-20 13:16:35.939772,0,2.5,0,['N5']
75bbea12-ad27-4a91-9fc3-ef0caf016b38,JLPT N5 Vocab,bb8a718e-35e7-40a4-afc8-12b6833151f2,暖かい,あたたかい - warm,2024-07-20 13:16:35.939772,0,2.5,0,['N5']
75bbea12-ad27-4a91-9fc3-ef0caf016b38,JLPT N5 Vocab,e509587e-a49e-47fb-9aff-a7dee4b5c0fb,セーター,"sweater, jumper",2024-07-20 13:16:35.939772,0,2.5,0,['N5']
75bbea12-ad27-4a91-9fc3-ef0caf016b38,JLPT N5 Vocab,f3ef5f0f-413c-4200-b961-88199e46cfe9,自転車,じてんしゃ - bicycle,2024-07-20 13:16:35.939772,0,2.5,0,['N5']
75bbea12-ad27-4a91-9fc3-ef0caf016b38,JLPT N5 Vocab,bad8fddb-70cf-4751-900f-42f7b9d700a6,ラジカセ / ラジオカセット,radio cassette player,2024-07-20 13:16:35.939772,0,2.5,0,['N5']
75bbea12-ad27-4a91-9fc3-ef0caf016b38,JLPT N5 Vocab,75190d1f-1f11-4d09-9af8-c8d10966a9f4,つける,to turn on,2024-07-20 13:16:35.939772,0,2.5,0,['N5']
75bbea12-ad27-4a91-9fc3-ef0caf016b38,JLPT N5 Vocab,d1532102-d775-45ad-9d1f-709acb0a639b,さ来年,さらいねん - year after next,2024-07-20 13:16:35.939772,0,2.5,0,['N5']
75bbea12-ad27-4a91-9fc3-ef0caf016b38,JLPT N5 Vocab,b6da8cf1-a00c-456a-8697-f09b42633db3,学校,がっこう - school,2024-07-20 13:16:35.939772,0,2.5,0,['N5']
75bbea12-ad27-4a91-9fc3-ef0caf016b38,JLPT N5 Vocab,c17cbdd2-db9d-49a4-b918-bb28bc88cf97,いくら,how much?,2024-07-20 13:16:35.939772,0,2.5,0,['N5']
75bbea12-ad27-4a91-9fc3-ef0caf016b38,JLPT N5 Vocab,05745f0e-733b-4e06-9d4d-643b32c325f2,四,し / よん - four,2024-07-20 13:16:35.939772,0,2.5,0,['N5']
75bbea12-ad27-4a91-9fc3-ef0caf016b38,JLPT N5 Vocab,aeacf86a-b252-47ca-a14e-5e9c9fbad079,入る,"はいる - to enter, to contain",2024-07-20 13:16:35.939772,0,2.5,0,['N5']
75bbea12-ad27-4a91-9fc3-ef0caf016b38,JLPT N5 Vocab,db315729-3089-47c9-bcc0-0b6d1887db5c,曇り,くもり - cloudy weather,2024-07-20 13:16:35.939772,0,2.5,0,['N5']
75bbea12-ad27-4a91-9fc3-ef0caf016b38,JLPT N5 Vocab,519dbe71-6f17-4d68-8f1e-cafe4ef7db63,外国,がいこく - foreign country,2024-07-20 13:16:35.939772,0,2.5,0,['N5']
75bbea12-ad27-4a91-9fc3-ef0caf016b38,JLPT N5 Vocab,99315945-5b5c-4b8e-80f6-d2d7069de963,温い,ぬるい - luke warm,2024-07-20 13:16:35.939772,0,2.5,0,['N5']
75bbea12-ad27-4a91-9fc3-ef0caf016b38,JLPT N5 Vocab,fbef903a-d98e-425d-a56f-e261f9995a10,そうして / そして,and,2024-07-20 13:16:35.939772,0,2.5,0,['N5']
75bbea12-ad27-4a91-9fc3-ef0caf016b38,JLPT N5 Vocab,53eeaa1b-129c-45ae-a196-5ec1a8f0a6ba,どうも,thanks,2024-07-20 13:16:35.939772,0,2.5,0,['N5']
75bbea12-ad27-4a91-9fc3-ef0caf016b38,JLPT N5 Vocab,efa415a4-3524-4b63-b77b-6c0231359e31,仕事,しごと - job,2024-07-20 13:16:35.939772,0,2.5,0,['N5']
75bbea12-ad27-4a91-9fc3-ef0caf016b38,JLPT N5 Vocab,a2b5dd35-a01a-4c8a-a69e-60638b56564f,窓,まど - window,2024-07-20 13:16:35.939772,0,2.5,0,['N5']
75bbea12-ad27-4a91-9fc3-ef0caf016b38,JLPT N5 Vocab,81e1ab05-a60d-4fd3-9a37-4a50514598b9,晩,ばん - evening,2024-07-20 13:16:35.939772,0,2.5,0,['N5']
75bbea12-ad27-4a91-9fc3-ef0caf016b38,JLPT N5 Vocab,7d4a996d-17af-4894-8ee9-288f5aa23e8f,難しい,むずかしい - difficult,2024-07-20 13:16:35.939772,0,2.5,0,['N5']
75bbea12-ad27-4a91-9fc3-ef0caf016b38,JLPT N5 Vocab,2c63c89a-e72f-45d4-be20-4b7933f56ca0,村,むら - village,2024-07-20 13:16:35.939772,0,2.5,0,['N5']
75bbea12-ad27-4a91-9fc3-ef0caf016b38,JLPT N5 Vocab,c15d0088-d364-4faf-94b8-e292ecfd4389,鉛筆,えんぴつ - pencil,2024-07-20 13:16:35.939772,0,2.5,0,['N5']
75bbea12-ad27-4a91-9fc3-ef0caf016b38,JLPT N5 Vocab,83703d60-1952-4842-8002-6aa1739118f4,長い,ながい - long,2024-07-20 13:16:35.939772,0,2.5,0,['N5']
75bbea12-ad27-4a91-9fc3-ef0caf016b38,JLPT N5 Vocab,c40b6c1f-04ed-40db-a921-89c888dcda16,生まれる,うまれる - to be born,2024-07-20 13:16:35.939772,0,2.5,0,['N5']
75bbea12-ad27-4a91-9fc3-ef0caf016b38,JLPT N5 Vocab,81a512ca-1fbb-438c-90a3-9fa52522762e,雑誌,ざっし - magazine,2024-07-20 13:16:35.939772,0,2.5,0,['N5']
75bbea12-ad27-4a91-9fc3-ef0caf016b38,JLPT N5 Vocab,c6d6ca44-635e-450f-a5d8-26cf9fff2d5a,国,くに - country,2024-07-20 13:16:35.939772,0,2.5,0,['N5']
75bbea12-ad27-4a91-9fc3-ef0caf016b38,JLPT N5 Vocab,02b492fe-574b-496c-a8f3-0f128520971b,おまわりさん,friendly term for policeman,2024-07-20 13:16:35.939772,0,2.5,0,['N5']
75bbea12-ad27-4a91-9fc3-ef0caf016b38,JLPT N5 Vocab,5d93001e-0c2d-4d66-b026-68525151cc77,今朝,けさ - this morning,2024-07-20 13:16:35.939772,0,2.5,0,['N5']
75bbea12-ad27-4a91-9fc3-ef0caf016b38,JLPT N5 Vocab,6c548307-fdf6-4abd-8a50-e841e77f584c,晴れる,はれる - to be sunny,2024-07-20 13:16:35.939772,0,2.5,0,['N5']
75bbea12-ad27-4a91-9fc3-ef0caf016b38,JLPT N5 Vocab,5b17d1f1-d45a-47a7-9a1a-404861de690d,夕飯,ゆうはん - dinner,2024-07-20 13:16:35.939772,0,2.5,0,['N5']
75bbea12-ad27-4a91-9fc3-ef0caf016b38,JLPT N5 Vocab,903784c0-64e4-4bf9-90c5-26852b24ad23,一緒,いっしょ - together,2024-07-20 13:16:35.939772,0,2.5,0,['N5']
75bbea12-ad27-4a91-9fc3-ef0caf016b38,JLPT N5 Vocab,c29167b9-68f1-4811-80b5-69165091deeb,どれ,which (of three or more),2024-07-20 13:16:35.939772,0,2.5,0,['N5']
75bbea12-ad27-4a91-9fc3-ef0caf016b38,JLPT N5 Vocab,a6110057-c694-4690-a670-b13572c2d193,立つ,たつ - to stand,2024-07-20 13:16:35.939772,0,2.5,0,['N5']
75bbea12-ad27-4a91-9fc3-ef0caf016b38,JLPT N5 Vocab,60b8c1b3-63ea-4f76-af79-48692619b7c3,元気,"げんき - health, vitality",2024-07-20 13:16:35.939772,0,2.5,0,['N5']
75bbea12-ad27-4a91-9fc3-ef0caf016b38,JLPT N5 Vocab,7392687b-0871-4544-94c6-7e662ee9af55,天気,てんき - weather,2024-07-20 13:16:35.939772,0,2.5,0,['N5']
75bbea12-ad27-4a91-9fc3-ef0caf016b38,JLPT N5 Vocab,cae959c8-6348-4c0c-a5f4-a96534775775,医者,いしゃ - medical doctor,2024-07-20 13:16:35.939772,0,2.5,0,['N5']
75bbea12-ad27-4a91-9fc3-ef0caf016b38,JLPT N5 Vocab,14146b8d-3f79-4c2a-b0c1-e351c3421f4e,七,しち / なな - seven,2024-07-20 13:16:35.939772,0,2.5,0,['N5']
75bbea12-ad27-4a91-9fc3-ef0caf016b38,JLPT N5 Vocab,6eea6fae-ab98-4bb9-9674-dc389334a5c1,はく,"to wear, to put on trousers",2024-07-20 13:16:35.939772,0,2.5,0,['N5']
75bbea12-ad27-4a91-9fc3-ef0caf016b38,JLPT N5 Vocab,c4cc5b1b-e33b-41cd-af6b-3dd32dee2f39,だんだん,gradually,2024-07-20 13:16:35.939772,0,2.5,0,['N5']
75bbea12-ad27-4a91-9fc3-ef0caf016b38,JLPT N5 Vocab,e0550d0a-f473-483e-a24d-b43b60b264be,戸,と - Japanese style door,2024-07-20 13:16:35.939772,0,2.5,0,['N5']
75bbea12-ad27-4a91-9fc3-ef0caf016b38,JLPT N5 Vocab,6d804334-9846-4e6a-b92e-3925d841ef0c,ノート,"notebook, exercise book",2024-07-20 13:16:35.939772,0,2.5,0,['N5']
75bbea12-ad27-4a91-9fc3-ef0caf016b38,JLPT N5 Vocab,c6b87ecd-0c91-4e5c-99f0-6e3fc3dc36eb,また,"again, and",2024-07-20 13:16:35.939772,0,2.5,0,['N5']
75bbea12-ad27-4a91-9fc3-ef0caf016b38,JLPT N5 Vocab,81fe728c-4ee8-4e1e-812f-db87530f5c79,今日,きょう - today,2024-07-20 13:16:35.939772,0,2.5,0,['N5']
75bbea12-ad27-4a91-9fc3-ef0caf016b38,JLPT N5 Vocab,6a5fe7e0-f1d7-4b37-bbd6-715ef7cb3612,とても,very,2024-07-20 13:16:35.939772,0,2.5,0,['N5']
75bbea12-ad27-4a91-9fc3-ef0caf016b38,JLPT N5 Vocab,45a63b6f-36b3-4373-9df6-baf8cdc4bc31,一昨年,おととし - year before last,2024-07-20 13:16:35.939772,0,2.5,0,['N5']
75bbea12-ad27-4a91-9fc3-ef0caf016b38,JLPT N5 Vocab,96909e2b-9534-4722-bb3f-4588ae9d512b,文章,"ぶんしょう - sentence, text",2024-07-20 13:16:35.939772,0,2.5,0,['N5']
75bbea12-ad27-4a91-9fc3-ef0caf016b38,JLPT N5 Vocab,40de0839-b815-437b-bd60-479000610d9f,公園,こうえん - park,2024-07-20 13:16:35.939772,0,2.5,0,['N5']
75bbea12-ad27-4a91-9fc3-ef0caf016b38,JLPT N5 Vocab,fc698db2-e5f5-4394-8877-671f354f9fa8,借りる,かりる - to borrow,2024-07-20 13:16:35.939772,0,2.5,0,['N5']
75bbea12-ad27-4a91-9fc3-ef0caf016b38,JLPT N5 Vocab,d31f1f6c-f362-4496-9660-a4b974e8fb58,口,"くち - mouth, opening",2024-07-20 13:16:35.939772,0,2.5,0,['N5']
75bbea12-ad27-4a91-9fc3-ef0caf016b38,JLPT N5 Vocab,aae459ef-7675-42fa-a9b3-817bf8ce4cde,持つ,もつ - to hold,2024-07-20 13:16:35.939772,0,2.5,0,['N5']
75bbea12-ad27-4a91-9fc3-ef0caf016b38,JLPT N5 Vocab,2fde105c-c7b7-41ed-8f39-7103ba10ea9f,上着,うわぎ - jacket,2024-07-20 13:16:35.939772,0,2.5,0,['N5']
75bbea12-ad27-4a91-9fc3-ef0caf016b38,JLPT N5 Vocab,84141da0-ca20-4eec-ac29-b4dba0c2e6f8,秋,あき - autumn,2024-07-20 13:16:35.939772,0,2.5,0,['N5']
75bbea12-ad27-4a91-9fc3-ef0caf016b38,JLPT N5 Vocab,94ae220a-6aed-499d-ad6f-c371fb3b543a,悪い,わるい - bad,2024-07-20 13:16:35.939772,0,2.5,0,['N5']
75bbea12-ad27-4a91-9fc3-ef0caf016b38,JLPT N5 Vocab,b05ec7e3-1f59-4c7b-ba14-522b873cf288,青い,あおい - blue,2024-07-20 13:16:35.939772,0,2.5,0,['N5']
75bbea12-ad27-4a91-9fc3-ef0caf016b38,JLPT N5 Vocab,5120be63-6ace-4f48-9efd-233bda50b545,住む,すむ - to live in,2024-07-20 13:16:35.939772,0,2.5,0,['N5']
75bbea12-ad27-4a91-9fc3-ef0caf016b38,JLPT N5 Vocab,85a7ab92-f42b-4658-a08e-1005b9a947d4,かける,to call by phone,2024-07-20 13:16:35.939772,0,2.5,0,['N5']
75bbea12-ad27-4a91-9fc3-ef0caf016b38,JLPT N5 Vocab,d06c0b8a-62bf-4207-b7d7-1cce7570193c,木曜日,もくようび - Thursday,2024-07-20 13:16:35.939772,0,2.5,0,['N5']
75bbea12-ad27-4a91-9fc3-ef0caf016b38,JLPT N5 Vocab,117bd7c9-869b-4d38-a818-259beddf3222,忘れる,わすれる - to forget,2024-07-20 13:16:35.939772,0,2.5,0,['N5']
75bbea12-ad27-4a91-9fc3-ef0caf016b38,JLPT N5 Vocab,9e04b906-0d81-47d8-a8e5-bdf772258eb8,お手洗い,おてあらい - bathroom,2024-07-20 13:16:35.939772,0,2.5,0,['N5']
75bbea12-ad27-4a91-9fc3-ef0caf016b38,JLPT N5 Vocab,048b6584-34c6-45b2-bc4e-6e2fc2dbf0ce,写真,しゃしん - photograph,2024-07-20 13:16:35.939772,0,2.5,0,['N5']
75bbea12-ad27-4a91-9fc3-ef0caf016b38,JLPT N5 Vocab,9a71f416-8e58-4f68-bc5f-48235df5a7fa,ゼロ,zero,2024-07-20 13:16:35.939772,0,2.5,0,['N5']
75bbea12-ad27-4a91-9fc3-ef0caf016b38,JLPT N5 Vocab,d20e13f4-e5d6-4e99-981f-d2bb9b0ffbd9,いろいろ,various,2024-07-20 13:16:35.939772,0,2.5,0,['N5']
75bbea12-ad27-4a91-9fc3-ef0caf016b38,JLPT N5 Vocab,7fe1bc52-9009-460e-ac5d-7f909a29c3b4,もう,already,2024-07-20 13:16:35.939772,0,2.5,0,['N5']
75bbea12-ad27-4a91-9fc3-ef0caf016b38,JLPT N5 Vocab,610e4de9-d74d-4f03-b034-62e3a88d6ead,会う,あう - to meet,2024-07-20 13:16:35.939772,0,2.5,0,['N5']
75bbea12-ad27-4a91-9fc3-ef0caf016b38,JLPT N5 Vocab,73dc50e1-ab23-4995-95a1-a32e3243b093,南,みなみ - south,2024-07-20 13:16:35.939772,0,2.5,0,['N5']
75bbea12-ad27-4a91-9fc3-ef0caf016b38,JLPT N5 Vocab,95d3db93-487c-41dd-a211-eee7e021a669,五日,"いつか - five days, fifth day",2024-07-20 13:16:35.939772,0,2.5,0,['N5']
75bbea12-ad27-4a91-9fc3-ef0caf016b38,JLPT N5 Vocab,999f4d83-f9a8-469d-9adf-226840a4b401,着る,きる - to put on from the shoulders down,2024-07-20 13:16:35.939772,0,2.5,0,['N5']
75bbea12-ad27-4a91-9fc3-ef0caf016b38,JLPT N5 Vocab,b8fe76c1-b92a-475e-a368-970947c87bf1,そこ,that place,2024-07-20 13:16:35.939772,0,2.5,0,['N5']
75bbea12-ad27-4a91-9fc3-ef0caf016b38,JLPT N5 Vocab,799b8d78-6ee0-4ff0-897b-b3497199041f,終る,おわる - to finish,2024-07-20 13:16:35.939772,0,2.5,0,['N5']
75bbea12-ad27-4a91-9fc3-ef0caf016b38,JLPT N5 Vocab,595493c3-4138-45fb-9b63-0ceae5c0d551,どの,which,2024-07-20 13:16:35.939772,0,2.5,0,['N5']
75bbea12-ad27-4a91-9fc3-ef0caf016b38,JLPT N5 Vocab,4a1b3446-cf8f-4afd-bb36-81697e53fc9f,読む,よむ - to read,2024-07-20 13:16:35.939772,0,2.5,0,['N5']
75bbea12-ad27-4a91-9fc3-ef0caf016b38,JLPT N5 Vocab,63af65bb-a422-4d18-bb65-c2a95ccb801b,それでは,in that situation,2024-07-20 13:16:35.939772,0,2.5,0,['N5']
75bbea12-ad27-4a91-9fc3-ef0caf016b38,JLPT N5 Vocab,4cfbe627-b09f-4155-8d3a-d369e028905c,来月,らいげつ - next month,2024-07-20 13:16:35.939772,0,2.5,0,['N5']
75bbea12-ad27-4a91-9fc3-ef0caf016b38,JLPT N5 Vocab,9a6ea054-de7d-4475-9ba0-8ecf7a0817bb,果物,くだもの - fruit,2024-07-20 13:16:35.939772,0,2.5,0,['N5']
75bbea12-ad27-4a91-9fc3-ef0caf016b38,JLPT N5 Vocab,0410566f-acee-4cb1-8fad-46d5001560be,止まる,とまる - to come to a halt,2024-07-20 13:16:35.939772,0,2.5,0,['N5']
75bbea12-ad27-4a91-9fc3-ef0caf016b38,JLPT N5 Vocab,24838533-1932-4c80-b92f-b4fd5a6fc55b,着く,つく - to arrive at,2024-07-20 13:16:35.939772,0,2.5,0,['N5']
75bbea12-ad27-4a91-9fc3-ef0caf016b38,JLPT N5 Vocab,1bc67522-f4ea-4777-8aea-27f99b05ed63,大好き,だいすき - to be very likeable,2024-07-20 13:16:35.939772,0,2.5,0,['N5']
75bbea12-ad27-4a91-9fc3-ef0caf016b38,JLPT N5 Vocab,628f395f-ee9a-44c2-be57-8a8a9429c22b,妹,いもうと - (humble) younger sister,2024-07-20 13:16:35.939772,0,2.5,0,['N5']
75bbea12-ad27-4a91-9fc3-ef0caf016b38,JLPT N5 Vocab,9f663a2d-133f-4f26-8a91-b6bd353abdc4,夏,なつ - summer,2024-07-20 13:16:35.939772,0,2.5,0,['N5']
75bbea12-ad27-4a91-9fc3-ef0caf016b38,JLPT N5 Vocab,c160341a-9998-4ce7-9cdf-2e738d180c62,今晩,こんばん - this evening,2024-07-20 13:16:35.939772,0,2.5,0,['N5']
75bbea12-ad27-4a91-9fc3-ef0caf016b38,JLPT N5 Vocab,cc0683ae-3a9f-4cdb-b8ab-24d76078e27b,塩,しお - salt,2024-07-20 13:16:35.939772,0,2.5,0,['N5']
75bbea12-ad27-4a91-9fc3-ef0caf016b38,JLPT N5 Vocab,115edb54-fde3-4af6-9bed-2ff699578896,先週,せんしゅう - last week,2024-07-20 13:16:35.939772,0,2.5,0,['N5']
75bbea12-ad27-4a91-9fc3-ef0caf016b38,JLPT N5 Vocab,54d1bbc6-6c91-49d3-a1b3-996636aae4a2,欲しい,ほしい - want,2024-07-20 13:16:35.939772,0,2.5,0,['N5']
75bbea12-ad27-4a91-9fc3-ef0caf016b38,JLPT N5 Vocab,24dcb96f-ac34-4c25-8e3f-09b61997760e,木,"き - tree, wood",2024-07-20 13:16:35.939772,0,2.5,0,['N5']
75bbea12-ad27-4a91-9fc3-ef0caf016b38,JLPT N5 Vocab,42cff930-1733-47a6-8372-f058c3f3fa66,ほんとう,truth,2024-07-20 13:16:35.939772,0,2.5,0,['N5']
75bbea12-ad27-4a91-9fc3-ef0caf016b38,JLPT N5 Vocab,4cba98ce-bfbe-4d88-95b9-a3e8a02871ae,薬,くすり - medicine,2024-07-20 13:16:35.939772,0,2.5,0,['N5']
75bbea12-ad27-4a91-9fc3-ef0caf016b38,JLPT N5 Vocab,1143acbb-11ff-4beb-b10b-ee8c14f686c7,お菓子,"おかし - sweets, candy",2024-07-20 13:16:35.939772,0,2.5,0,['N5']
75bbea12-ad27-4a91-9fc3-ef0caf016b38,JLPT N5 Vocab,fd144704-68bf-439a-9c80-70576846994a,金曜日,きんようび - Friday,2024-07-20 13:16:35.939772,0,2.5,0,['N5']
75bbea12-ad27-4a91-9fc3-ef0caf016b38,JLPT N5 Vocab,9b412c8a-1a48-4b67-8455-22be969ec9ca,まずい,unpleasant,2024-07-20 13:16:35.939772,0,2.5,0,['N5']
75bbea12-ad27-4a91-9fc3-ef0caf016b38,JLPT N5 Vocab,530ca729-0847-49ce-be10-66d5680c7374,お酒,"おさけ - alcohol, rice wine",2024-07-20 13:16:35.939772,0,2.5,0,['N5']
75bbea12-ad27-4a91-9fc3-ef0caf016b38,JLPT N5 Vocab,48258fe9-f0af-47e7-a440-41a2cf0491f3,多い,おおい - many,2024-07-20 13:16:35.939772,0,2.5,0,['N5']
75bbea12-ad27-4a91-9fc3-ef0caf016b38,JLPT N5 Vocab,4b2d7ff8-a44a-4e34-a72a-9e8e1bc7630d,動物,どうぶつ - animal,2024-07-20 13:16:35.939772,0,2.5,0,['N5']
75bbea12-ad27-4a91-9fc3-ef0caf016b38,JLPT N5 Vocab,85a39d47-65d8-41e3-9b05-39075fcf458d,切符,きっぷ - ticket,2024-07-20 13:16:35.939772,0,2.5,0,['N5']
75bbea12-ad27-4a91-9fc3-ef0caf016b38,JLPT N5 Vocab,65768fb4-ae23-4515-915f-5b8453d93478,キロ / キロメートル,kilometre,2024-07-20 13:16:35.939772,0,2.5,0,['N5']
75bbea12-ad27-4a91-9fc3-ef0caf016b38,JLPT N5 Vocab,75e9d3a5-ce99-4712-8349-e28b1e29ee88,呼ぶ,"よぶ - to call out, to invite",2024-07-20 13:16:35.939772,0,2.5,0,['N5']
75bbea12-ad27-4a91-9fc3-ef0caf016b38,JLPT N5 Vocab,9838327d-2883-48ad-9ee5-00b6abd6d174,体,からだ - body,2024-07-20 13:16:35.939772,0,2.5,0,['N5']
75bbea12-ad27-4a91-9fc3-ef0caf016b38,JLPT N5 Vocab,715ca1d9-7b6f-420a-806b-9aa8f86f8e3c,ゆっくりと,slowly,2024-07-20 13:16:35.939772,0,2.5,0,['N5']
75bbea12-ad27-4a91-9fc3-ef0caf016b38,JLPT N5 Vocab,2e1c394f-98c0-42cf-9676-3fb7adc97870,二日,"ふつか - two days, second day of the month",2024-07-20 13:16:35.939772,0,2.5,0,['N5']
75bbea12-ad27-4a91-9fc3-ef0caf016b38,JLPT N5 Vocab,d85fb50c-7535-4ac1-9a20-fe1e714d8eec,大人,おとな - adult,2024-07-20 13:16:35.939772,0,2.5,0,['N5']
75bbea12-ad27-4a91-9fc3-ef0caf016b38,JLPT N5 Vocab,2b3719e1-babc-4551-b16e-bf515f1ba29b,歯,は - tooth,2024-07-20 13:16:35.939772,0,2.5,0,['N5']
75bbea12-ad27-4a91-9fc3-ef0caf016b38,JLPT N5 Vocab,d6f9726b-943d-42d8-9579-d93d11690a07,冬,ふゆ - winter,2024-07-20 13:16:35.939772,0,2.5,0,['N5']
75bbea12-ad27-4a91-9fc3-ef0caf016b38,JLPT N5 Vocab,57dab207-0639-4401-9bcf-434c3add1610,所,ところ - place,2024-07-20 13:16:35.939772,0,2.5,0,['N5']
75bbea12-ad27-4a91-9fc3-ef0caf016b38,JLPT N5 Vocab,a48bcec0-f5f3-4ece-93db-86f7e3731d27,吹く,ふく - to blow,2024-07-20 13:16:35.939772,0,2.5,0,['N5']
75bbea12-ad27-4a91-9fc3-ef0caf016b38,JLPT N5 Vocab,38091788-0ba8-4f2a-9140-fe8fb66e3c1b,足,"あし - foot, leg",2024-07-20 13:16:35.939772,0,2.5,0,['N5']
75bbea12-ad27-4a91-9fc3-ef0caf016b38,JLPT N5 Vocab,dc0265a4-655f-4a89-9f5a-a2968d03fa41,箱,はこ - box,2024-07-20 13:16:35.939772,0,2.5,0,['N5']
75bbea12-ad27-4a91-9fc3-ef0caf016b38,JLPT N5 Vocab,6156e975-bbd1-4228-90ce-efa05a6b5829,八,はち - eight,2024-07-20 13:16:35.939772,0,2.5,0,['N5']
75bbea12-ad27-4a91-9fc3-ef0caf016b38,JLPT N5 Vocab,c1febae0-65f8-4c7b-b7a1-7f70e7573566,朝,あさ - morning,2024-07-20 13:16:35.939772,0,2.5,0,['N5']
75bbea12-ad27-4a91-9fc3-ef0caf016b38,JLPT N5 Vocab,a4eb571a-06d2-44e2-bfc6-4ba709c6ac70,一昨日,おととい - day before yesterday,2024-07-20 13:16:35.939772,0,2.5,0,['N5']
75bbea12-ad27-4a91-9fc3-ef0caf016b38,JLPT N5 Vocab,38bad2d2-9f57-4fa4-9cb5-f2bbd34e2b40,有名,ゆうめい - famous,2024-07-20 13:16:35.939772,0,2.5,0,['N5']
75bbea12-ad27-4a91-9fc3-ef0caf016b38,JLPT N5 Vocab,e5fc65a0-777c-439e-8fca-a4320dc01bbb,二十日,"はつか - twenty days, twentieth",2024-07-20 13:16:35.939772,0,2.5,0,['N5']
75bbea12-ad27-4a91-9fc3-ef0caf016b38,JLPT N5 Vocab,0731b8a4-4fd1-4c52-a6e3-e492e7347b70,近い,ちかい - near,2024-07-20 13:16:35.939772,0,2.5,0,['N5']
75bbea12-ad27-4a91-9fc3-ef0caf016b38,JLPT N5 Vocab,49da55ab-3b42-4ada-90b4-be9504b0dc98,ください,please,2024-07-20 13:16:35.939772,0,2.5,0,['N5']
75bbea12-ad27-4a91-9fc3-ef0caf016b38,JLPT N5 Vocab,829f9fe6-e362-4370-9ab6-c21c0fcb1117,時計,"とけい - watch, clock",2024-07-20 13:16:35.939772,0,2.5,0,['N5']
75bbea12-ad27-4a91-9fc3-ef0caf016b38,JLPT N5 Vocab,2f62d631-dfbf-475c-8a22-88a93e98f079,午後,ごご - afternoon,2024-07-20 13:16:35.939772,0,2.5,0,['N5']
75bbea12-ad27-4a91-9fc3-ef0caf016b38,JLPT N5 Vocab,c417a0bd-f95d-4415-9200-37f22414ac0b,食べ物,たべもの - food,2024-07-20 13:16:35.939772,0,2.5,0,['N5']
75bbea12-ad27-4a91-9fc3-ef0caf016b38,JLPT N5 Vocab,616c0308-266a-473e-a15b-4c31b7ee6eec,降る,"ふる - to fall, e.g. rain or snow",2024-07-20 13:16:35.939772,0,2.5,0,['N5']
75bbea12-ad27-4a91-9fc3-ef0caf016b38,JLPT N5 Vocab,dc876811-e1f9-4a9c-86c3-f4397de42d05,易しい,"やさしい - easy, simple",2024-07-20 13:16:35.939772,0,2.5,0,['N5']
75bbea12-ad27-4a91-9fc3-ef0caf016b38,JLPT N5 Vocab,ec847480-2c81-4db9-b94f-ad3bfd5a61a0,大使館,たいしかん - embassy,2024-07-20 13:16:35.939772,0,2.5,0,['N5']
75bbea12-ad27-4a91-9fc3-ef0caf016b38,JLPT N5 Vocab,e12e283e-256c-4732-9678-19a069f71f36,誰,だれ - who,2024-07-20 13:16:35.939772,0,2.5,0,['N5']
75bbea12-ad27-4a91-9fc3-ef0caf016b38,JLPT N5 Vocab,2140305e-8c6d-4100-a4bf-5256db78d52c,上,うえ - on top of,2024-07-20 13:16:35.939772,0,2.5,0,['N5']
75bbea12-ad27-4a91-9fc3-ef0caf016b38,JLPT N5 Vocab,6e6d8586-956e-4cb9-8902-65d63b7c0211,五,ご - five,2024-07-20 13:16:35.939772,0,2.5,0,['N5']
75bbea12-ad27-4a91-9fc3-ef0caf016b38,JLPT N5 Vocab,33c8b6c0-eaff-495e-9db8-f68dba13520b,十日,"とおか - ten days, the tenth day",2024-07-20 13:16:35.939772,0,2.5,0,['N5']
75bbea12-ad27-4a91-9fc3-ef0caf016b38,JLPT N5 Vocab,696d9aa1-affc-44e3-9873-fa81ff23b164,どちら,which of two,2024-07-20 13:16:35.939772,0,2.5,0,['N5']
75bbea12-ad27-4a91-9fc3-ef0caf016b38,JLPT N5 Vocab,a651c8f7-edad-4706-a7f4-83cf6abafd7d,プール,swimming pool,2024-07-20 13:16:35.939772,0,2.5,0,['N5']
75bbea12-ad27-4a91-9fc3-ef0caf016b38,JLPT N5 Vocab,ecb4551a-74e0-4146-b79a-b015a0cb5982,小さい,ちいさい - little,2024-07-20 13:16:35.939772,0,2.5,0,['N5']
75bbea12-ad27-4a91-9fc3-ef0caf016b38,JLPT N5 Vocab,e923d9cd-86b9-45d7-9719-42ea2c512665,今週,こんしゅう - this week,2024-07-20 13:16:35.939772,0,2.5,0,['N5']
75bbea12-ad27-4a91-9fc3-ef0caf016b38,JLPT N5 Vocab,40aea8f5-b675-4c9b-8317-9c3acf564e6e,肉,にく - meat,2024-07-20 13:16:35.939772,0,2.5,0,['N5']
75bbea12-ad27-4a91-9fc3-ef0caf016b38,JLPT N5 Vocab,dd5b1501-204c-4c55-96e1-9fb9a5f1d8a1,零,れい - zero,2024-07-20 13:16:35.939772,0,2.5,0,['N5']
75bbea12-ad27-4a91-9fc3-ef0caf016b38,JLPT N5 Vocab,d4677004-8faf-4810-940d-b0b026f2686b,豚肉,ぶたにく - pork,2024-07-20 13:16:35.939772,0,2.5,0,['N5']
75bbea12-ad27-4a91-9fc3-ef0caf016b38,JLPT N5 Vocab,385ed414-2f0c-427a-85cd-8703903bb9f1,広い,"ひろい - spacious, wide",2024-07-20 13:16:35.939772,0,2.5,0,['N5']
75bbea12-ad27-4a91-9fc3-ef0caf016b38,JLPT N5 Vocab,6f021d13-c635-459e-8dc7-21d0a1d6c762,靴下,くつした - socks,2024-07-20 13:16:35.939772,0,2.5,0,['N5']
75bbea12-ad27-4a91-9fc3-ef0caf016b38,JLPT N5 Vocab,499fb6b2-3190-457a-ad18-2a45e2e78039,一人,ひとり - one person,2024-07-20 13:16:35.939772,0,2.5,0,['N5']
75bbea12-ad27-4a91-9fc3-ef0caf016b38,JLPT N5 Vocab,5913aa63-4e23-4196-8eca-ac162d2f1c08,かぎ,key,2024-07-20 13:16:35.939772,0,2.5,0,['N5']
75bbea12-ad27-4a91-9fc3-ef0caf016b38,JLPT N5 Vocab,2b7c7d01-e26d-44b0-8973-d45986d9ad43,向こう,むこう - over there,2024-07-20 13:16:35.939772,0,2.5,0,['N5']
75bbea12-ad27-4a91-9fc3-ef0caf016b38,JLPT N5 Vocab,9aec6253-fd8e-4a47-b1b4-86728d0c7867,上手,じょうず - skillful,2024-07-20 13:16:35.939772,0,2.5,0,['N5']
75bbea12-ad27-4a91-9fc3-ef0caf016b38,JLPT N5 Vocab,03382bfc-d164-4b68-9466-190519d99a5f,牛肉,ぎゅうにく - beef,2024-07-20 13:16:35.939772,0,2.5,0,['N5']
75bbea12-ad27-4a91-9fc3-ef0caf016b38,JLPT N5 Vocab,15286edc-d856-4242-8653-e54d49e338f7,話,"はなし - talk, story",2024-07-20 13:16:35.939772,0,2.5,0,['N5']
75bbea12-ad27-4a91-9fc3-ef0caf016b38,JLPT N5 Vocab,763cb3d0-7b4a-431d-8d20-e7974879f735,毎晩,まいばん - every night,2024-07-20 13:16:35.939772,0,2.5,0,['N5']
75bbea12-ad27-4a91-9fc3-ef0caf016b38,JLPT N5 Vocab,f96c4f5d-131b-4ec5-b4ac-275961c1f885,三つ,みっつ - three,2024-07-20 13:16:35.939772,0,2.5,0,['N5']
75bbea12-ad27-4a91-9fc3-ef0caf016b38,JLPT N5 Vocab,16b1194b-2872-4a0e-a2c2-f024ec3ff668,吸う,"すう - to smoke, to suck",2024-07-20 13:16:35.939772,0,2.5,0,['N5']
75bbea12-ad27-4a91-9fc3-ef0caf016b38,JLPT N5 Vocab,a8c41472-7a3c-4ce6-944f-a2b7c11a9ac9,銀行,ぎんこう - bank,2024-07-20 13:16:35.939772,0,2.5,0,['N5']
75bbea12-ad27-4a91-9fc3-ef0caf016b38,JLPT N5 Vocab,a982a65f-7ece-411e-b4dd-258c065baa84,大切,たいせつ - important,2024-07-20 13:16:35.939772,0,2.5,0,['N5']
75bbea12-ad27-4a91-9fc3-ef0caf016b38,JLPT N5 Vocab,7269bcd3-1402-448b-9eb1-e8892a58d6a7,学生,がくせい - student,2024-07-20 13:16:35.939772,0,2.5,0,['N5']
75bbea12-ad27-4a91-9fc3-ef0caf016b38,JLPT N5 Vocab,0e787278-b1d2-4933-b2de-dd3fdab27c8a,部屋,へや - room,2024-07-20 13:16:35.939772,0,2.5,0,['N5']
75bbea12-ad27-4a91-9fc3-ef0caf016b38,JLPT N5 Vocab,f9eb63af-bd53-4c1a-b263-39dd650555bc,昼御飯,ひるごはん - midday meal,2024-07-20 13:16:35.939772,0,2.5,0,['N5']
75bbea12-ad27-4a91-9fc3-ef0caf016b38,JLPT N5 Vocab,457fe92e-1db0-476b-9b32-8e2ab0af07cd,下,した - below,2024-07-20 13:16:35.939772,0,2.5,0,['N5']
75bbea12-ad27-4a91-9fc3-ef0caf016b38,JLPT N5 Vocab,751f718b-6cf0-4321-b4b3-78a4feb2cb5d,二つ,ふたつ - two,2024-07-20 13:16:35.939772,0,2.5,0,['N5']
75bbea12-ad27-4a91-9fc3-ef0caf016b38,JLPT N5 Vocab,932bc7ae-c137-4fe3-ba06-8d03e3f6c47c,百,ひゃく - hundred,2024-07-20 13:16:35.939772,0,2.5,0,['N5']
75bbea12-ad27-4a91-9fc3-ef0caf016b38,JLPT N5 Vocab,ccfb5a4c-5143-4173-b17f-a70abae92117,地図,ちず - map,2024-07-20 13:16:35.939772,0,2.5,0,['N5']
75bbea12-ad27-4a91-9fc3-ef0caf016b38,JLPT N5 Vocab,63986798-50c3-43ac-8663-b8b1f8c586ad,八百屋,やおや - greengrocer,2024-07-20 13:16:35.939772,0,2.5,0,['N5']
75bbea12-ad27-4a91-9fc3-ef0caf016b38,JLPT N5 Vocab,17862d62-92c4-4161-8ec5-fed8092d9662,ネクタイ,"tie, necktie",2024-07-20 13:16:35.939772,0,2.5,0,['N5']
75bbea12-ad27-4a91-9fc3-ef0caf016b38,JLPT N5 Vocab,a9717375-e686-4e04-ac98-b8bbb691cb41,去年,きょねん - last year,2024-07-20 13:16:35.939772,0,2.5,0,['N5']
75bbea12-ad27-4a91-9fc3-ef0caf016b38,JLPT N5 Vocab,1b11c0a6-689e-4270-b19e-dee11f561cf2,火曜日,かようび - Tuesday,2024-07-20 13:16:35.939772,0,2.5,0,['N5']
75bbea12-ad27-4a91-9fc3-ef0caf016b38,JLPT N5 Vocab,c5cfad93-10cc-4de1-875a-19137d17f5fd,乗る,"のる - to get on, to ride",2024-07-20 13:16:35.939772,0,2.5,0,['N5']
75bbea12-ad27-4a91-9fc3-ef0caf016b38,JLPT N5 Vocab,5c6bc1e0-9849-4be4-83f6-0f300bee89ae,弟,おとうと - younger brother,2024-07-20 13:16:35.939772,0,2.5,0,['N5']
75bbea12-ad27-4a91-9fc3-ef0caf016b38,JLPT N5 Vocab,95d1b4a7-3174-4323-95f1-0b1149c00d3e,あなた,you,2024-07-20 13:16:35.939772,0,2.5,0,['N5']
75bbea12-ad27-4a91-9fc3-ef0caf016b38,JLPT N5 Vocab,eb557071-98f2-4683-9c9d-0e5133ece18a,千,せん - thousand,2024-07-20 13:16:35.939772,0,2.5,0,['N5']
75bbea12-ad27-4a91-9fc3-ef0caf016b38,JLPT N5 Vocab,a0a415a9-37fe-46c9-82b1-9aef208483fd,緑,みどり - green,2024-07-20 13:16:35.939772,0,2.5,0,['N5']
75bbea12-ad27-4a91-9fc3-ef0caf016b38,JLPT N5 Vocab,72b3a91a-3401-472b-8ec0-b761ec5df794,とり肉,とりにく - chicken meat,2024-07-20 13:16:35.939772,0,2.5,0,['N5']
75bbea12-ad27-4a91-9fc3-ef0caf016b38,JLPT N5 Vocab,5e4c1c75-1008-47e8-b06a-60bdaf09721a,軽い,かるい - light,2024-07-20 13:16:35.939772,0,2.5,0,['N5']
75bbea12-ad27-4a91-9fc3-ef0caf016b38,JLPT N5 Vocab,26f13240-a108-4d05-ba05-bcd65cf2abd9,あまり,not very,2024-07-20 13:16:35.939772,0,2.5,0,['N5']
75bbea12-ad27-4a91-9fc3-ef0caf016b38,JLPT N5 Vocab,1806f270-074e-4556-9b74-9670e204f55a,帽子,ぼうし - hat,2024-07-20 13:16:35.939772,0,2.5,0,['N5']
75bbea12-ad27-4a91-9fc3-ef0caf016b38,JLPT N5 Vocab,75ee1210-8f98-4b5c-bcb2-d3329181d2bd,丈夫,"じょうぶ - strong, durable",2024-07-20 13:16:35.939772,0,2.5,0,['N5']
75bbea12-ad27-4a91-9fc3-ef0caf016b38,JLPT N5 Vocab,cd25420d-4b01-4343-8157-62bef8973585,入れる,いれる - to put in,2024-07-20 13:16:35.939772,0,2.5,0,['N5']
75bbea12-ad27-4a91-9fc3-ef0caf016b38,JLPT N5 Vocab,80123aeb-ae4b-445f-a3e8-e54bb05ff3c5,二十歳,"はたち - 20 years old, 20th year",2024-07-20 13:16:35.939772,0,2.5,0,['N5']
75bbea12-ad27-4a91-9fc3-ef0caf016b38,JLPT N5 Vocab,51c13b85-bd16-4dad-9bf6-35fb6992f28f,三日,"みっか - three days, third day of the month",2024-07-20 13:16:35.939772,0,2.5,0,['N5']
75bbea12-ad27-4a91-9fc3-ef0caf016b38,JLPT N5 Vocab,0ae0348d-91eb-4c0e-b049-1cefd015dc92,遠い,とおい - far,2024-07-20 13:16:35.939772,0,2.5,0,['N5']
75bbea12-ad27-4a91-9fc3-ef0caf016b38,JLPT N5 Vocab,9af66463-ba28-4e5c-88d4-5d861fbe180e,夏休み,なつやすみ - summer holiday,2024-07-20 13:16:35.939772,0,2.5,0,['N5']
75bbea12-ad27-4a91-9fc3-ef0caf016b38,JLPT N5 Vocab,ebf2aef4-04a7-407d-bfec-debcfe1de23a,友達,ともだち - friend,2024-07-20 13:16:35.939772,0,2.5,0,['N5']
75bbea12-ad27-4a91-9fc3-ef0caf016b38,JLPT N5 Vocab,4cf32fb1-ac69-4cfc-926b-baf93b008d6e,横,"よこ - beside, side, width",2024-07-20 13:16:35.939772,0,2.5,0,['N5']
75bbea12-ad27-4a91-9fc3-ef0caf016b38,JLPT N5 Vocab,d3858a72-214d-48bb-be2b-3f39c6f6c48e,冷たい,つめたい - cold to the touch,2024-07-20 13:16:35.939772,0,2.5,0,['N5']
75bbea12-ad27-4a91-9fc3-ef0caf016b38,JLPT N5 Vocab,878dc4b4-8133-47d8-ad37-a608e7ddd0b0,夜,"よる - evening, night",2024-07-20 13:16:35.939772,0,2.5,0,['N5']
75bbea12-ad27-4a91-9fc3-ef0caf016b38,JLPT N5 Vocab,97e8551a-88fe-4d8e-9c40-be143fb89f8f,トイレ,toilet,2024-07-20 13:16:35.939772,0,2.5,0,['N5']
75bbea12-ad27-4a91-9fc3-ef0caf016b38,JLPT N5 Vocab,15443ad4-9315-4f6f-9431-3e5d7e20668e,おなか,stomach,2024-07-20 13:16:35.939772,0,2.5,0,['N5']
75bbea12-ad27-4a91-9fc3-ef0caf016b38,JLPT N5 Vocab,55a86a69-67be-4bfb-8705-271f237ba3ad,どこ,where,2024-07-20 13:16:35.939772,0,2.5,0,['N5']
75bbea12-ad27-4a91-9fc3-ef0caf016b38,JLPT N5 Vocab,c3aeffb4-9fe7-45b7-a8fa-7229d521ce78,暇,ひま - free time,2024-07-20 13:16:35.939772,0,2.5,0,['N5']
75bbea12-ad27-4a91-9fc3-ef0caf016b38,JLPT N5 Vocab,90dd1142-b47f-40cc-b320-dcf94b997813,鳴く,"なく - animal noise. to chirp, roar or croak etc.",2024-07-20 13:16:35.939772,0,2.5,0,['N5']
75bbea12-ad27-4a91-9fc3-ef0caf016b38,JLPT N5 Vocab,3c7bec7e-4ac2-4680-b338-d3fcd4196dfd,隣,となり - next door to,2024-07-20 13:16:35.939772,0,2.5,0,['N5']
75bbea12-ad27-4a91-9fc3-ef0caf016b38,JLPT N5 Vocab,6bab758d-07e1-47ce-8aaa-87f8f65eee9d,先生,"せんせい - teacher, doctor",2024-07-20 13:16:35.939772,0,2.5,0,['N5']
75bbea12-ad27-4a91-9fc3-ef0caf016b38,JLPT N5 Vocab,e9ff72ba-29b8-4871-8784-9da110457295,出口,でぐち - exit,2024-07-20 13:16:35.939772,0,2.5,0,['N5']
75bbea12-ad27-4a91-9fc3-ef0caf016b38,JLPT N5 Vocab,7f73414b-6329-4e1a-aff5-b97264c2b5ef,後ろ,うしろ - behind,2024-07-20 13:16:35.939772,0,2.5,0,['N5']
75bbea12-ad27-4a91-9fc3-ef0caf016b38,JLPT N5 Vocab,fb5fb802-0591-4aa2-a1ad-17ada4f702da,先月,せんげつ - last month,2024-07-20 13:16:35.939772,0,2.5,0,['N5']
75bbea12-ad27-4a91-9fc3-ef0caf016b38,JLPT N5 Vocab,aa5f6ecb-bd70-4ef3-8266-d350235eb3d9,テープ,tape,2024-07-20 13:16:35.939772,0,2.5,0,['N5']
75bbea12-ad27-4a91-9fc3-ef0caf016b38,JLPT N5 Vocab,dc194904-4278-4905-b5ea-0f40a02dd8b1,お姉さん,おねえさん - (honorable) older sister,2024-07-20 13:16:35.939772,0,2.5,0,['N5']
75bbea12-ad27-4a91-9fc3-ef0caf016b38,JLPT N5 Vocab,187f80c1-810e-4bc7-a0b4-2f1dfd04497c,じゃ / じゃあ,well then…,2024-07-20 13:16:35.939772,0,2.5,0,['N5']
75bbea12-ad27-4a91-9fc3-ef0caf016b38,JLPT N5 Vocab,c81df705-1423-4d4a-a2f8-4a67e3753f15,本,ほん - book,2024-07-20 13:16:35.939772,0,2.5,0,['N5']
75bbea12-ad27-4a91-9fc3-ef0caf016b38,JLPT N5 Vocab,6c067293-fc2f-4567-961b-1b7989762ae3,泳ぐ,およぐ - to swim,2024-07-20 13:16:35.939772,0,2.5,0,['N5']
75bbea12-ad27-4a91-9fc3-ef0caf016b38,JLPT N5 Vocab,7f249491-84c7-4ae3-ae3e-ad8b7f95d4fa,灰皿,はいざら - ashtray,2024-07-20 13:16:35.939772,0,2.5,0,['N5']
75bbea12-ad27-4a91-9fc3-ef0caf016b38,JLPT N5 Vocab,4fd994f5-e040-4000-9869-9d48fd931892,門,もん - gate,2024-07-20 13:16:35.939772,0,2.5,0,['N5']
75bbea12-ad27-4a91-9fc3-ef0caf016b38,JLPT N5 Vocab,1cdc0b47-d5ef-4e48-94dc-76303b3ea345,荷物,にもつ - luggage,2024-07-20 13:16:35.939772,0,2.5,0,['N5']
75bbea12-ad27-4a91-9fc3-ef0caf016b38,JLPT N5 Vocab,82637893-e41a-4e7c-b488-65eb3c68545c,この,this,2024-07-20 13:16:35.939772,0,2.5,0,['N5']
75bbea12-ad27-4a91-9fc3-ef0caf016b38,JLPT N5 Vocab,d3ac24f8-3a43-4830-8db7-6f35664d3c78,書く,かく - to write,2024-07-20 13:16:35.939772,0,2.5,0,['N5']
75bbea12-ad27-4a91-9fc3-ef0caf016b38,JLPT N5 Vocab,6dc1cc85-73aa-437e-8e58-2a256970e0d0,毎年,まいねん / まいとし - every year,2024-07-20 13:16:35.939772,0,2.5,0,['N5']
75bbea12-ad27-4a91-9fc3-ef0caf016b38,JLPT N5 Vocab,1c35c41e-140f-4444-82d6-bcb88680b7bb,明日,あした - tomorrow,2024-07-20 13:16:35.939772,0,2.5,0,['N5']
75bbea12-ad27-4a91-9fc3-ef0caf016b38,JLPT N5 Vocab,4482f136-312a-4e42-8f95-16af1750b6d5,ホテル,hotel,2024-07-20 13:16:35.939772,0,2.5,0,['N5']
75bbea12-ad27-4a91-9fc3-ef0caf016b38,JLPT N5 Vocab,d4886360-003a-48da-bb0a-81a1b867a60c,降りる,"おりる - to get off, to descend",2024-07-20 13:16:35.939772,0,2.5,0,['N5']
75bbea12-ad27-4a91-9fc3-ef0caf016b38,JLPT N5 Vocab,e7b7924a-1927-4ed0-9323-798acd994763,重い,おもい - heavy,2024-07-20 13:16:35.939772,0,2.5,0,['N5']
75bbea12-ad27-4a91-9fc3-ef0caf016b38,JLPT N5 Vocab,251f2694-6164-4e6b-bd4e-8a4a5792fb21,電車,でんしゃ - electric train,2024-07-20 13:16:35.939772,0,2.5,0,['N5']
75bbea12-ad27-4a91-9fc3-ef0caf016b38,JLPT N5 Vocab,50ed54a9-cbc9-4b5c-84dd-d5e93c522727,痛い,いたい - painful,2024-07-20 13:16:35.939772,0,2.5,0,['N5']
75bbea12-ad27-4a91-9fc3-ef0caf016b38,JLPT N5 Vocab,cfce013d-51ac-4c62-a134-9b9c0ce10009,話す,はなす - to speak,2024-07-20 13:16:35.939772,0,2.5,0,['N5']
75bbea12-ad27-4a91-9fc3-ef0caf016b38,JLPT N5 Vocab,562e5d2c-0f6f-48ba-b0d6-99ee4ab77356,りっぱ,splendid,2024-07-20 13:16:35.939772,0,2.5,0,['N5']
75bbea12-ad27-4a91-9fc3-ef0caf016b38,JLPT N5 Vocab,fc42f71a-ab8f-4ada-94c1-0cb4766d10bf,つまらない,boring,2024-07-20 13:16:35.939772,0,2.5,0,['N5']
75bbea12-ad27-4a91-9fc3-ef0caf016b38,JLPT N5 Vocab,edaae942-377d-44be-abff-7fcb58a7c6d3,よく,"often, well",2024-07-20 13:16:35.939772,0,2.5,0,['N5']
75bbea12-ad27-4a91-9fc3-ef0caf016b38,JLPT N5 Vocab,d96b92eb-e9fd-4e6c-8e8f-eeff558a7224,嫌,いや - unpleasant,2024-07-20 13:16:35.939772,0,2.5,0,['N5']
75bbea12-ad27-4a91-9fc3-ef0caf016b38,JLPT N5 Vocab,d3a30991-5423-458f-b5c0-49e90442da22,宿題,しゅくだい - homework,2024-07-20 13:16:35.939772,0,2.5,0,['N5']
75bbea12-ad27-4a91-9fc3-ef0caf016b38,JLPT N5 Vocab,e2afc8b9-766c-414b-b117-8e227703863d,死ぬ,しぬ - to die,2024-07-20 13:16:35.939772,0,2.5,0,['N5']
75bbea12-ad27-4a91-9fc3-ef0caf016b38,JLPT N5 Vocab,43c1778c-f07f-43b1-a57a-827e3ccab7b6,みんな,everyone,2024-07-20 13:16:35.939772,0,2.5,0,['N5']
75bbea12-ad27-4a91-9fc3-ef0caf016b38,JLPT N5 Vocab,7308175c-b0b9-443d-8fd0-1a5d000640ef,万,まん - ten thousand,2024-07-20 13:16:35.939772,0,2.5,0,['N5']
75bbea12-ad27-4a91-9fc3-ef0caf016b38,JLPT N5 Vocab,b85e074e-3942-4ef4-b77d-9908833a99a2,映画,えいが - movie,2024-07-20 13:16:35.939772,0,2.5,0,['N5']
75bbea12-ad27-4a91-9fc3-ef0caf016b38,JLPT N5 Vocab,26a2ba76-627b-4253-aae8-c2ef6bcdbc46,遅い,"おそい - late, slow",2024-07-20 13:16:35.939772,0,2.5,0,['N5']
75bbea12-ad27-4a91-9fc3-ef0caf016b38,JLPT N5 Vocab,ee6b89b4-b676-4278-b374-7b1373bf49f5,耳,みみ - ear,2024-07-20 13:16:35.939772,0,2.5,0,['N5']
75bbea12-ad27-4a91-9fc3-ef0caf016b38,JLPT N5 Vocab,e3c43376-7de7-48d3-88a4-8f67d76ce00a,かかる,to take time or money,2024-07-20 13:16:35.939772,0,2.5,0,['N5']
75bbea12-ad27-4a91-9fc3-ef0caf016b38,JLPT N5 Vocab,2f776c9b-cb0c-42b4-a292-21166e97eed2,でも,but,2024-07-20 13:16:35.939772,0,2.5,0,['N5']
75bbea12-ad27-4a91-9fc3-ef0caf016b38,JLPT N5 Vocab,58d25e8f-5011-4113-b8d7-8de5469189f6,四つ,よっつ - four,2024-07-20 13:16:35.939772,0,2.5,0,['N5']
75bbea12-ad27-4a91-9fc3-ef0caf016b38,JLPT N5 Vocab,68a144db-745e-4ed2-90a7-4b3ef0e79825,机,つくえ - desk,2024-07-20 13:16:35.939772,0,2.5,0,['N5']
75bbea12-ad27-4a91-9fc3-ef0caf016b38,JLPT N5 Vocab,2b0457fb-6b2d-4432-ab25-c9a13ef49ea6,あっち,over there,2024-07-20 13:16:35.939772,0,2.5,0,['N5']
75bbea12-ad27-4a91-9fc3-ef0caf016b38,JLPT N5 Vocab,28c29b90-76ea-44fc-818b-ec4fd4bfee9b,買う,かう - to buy,2024-07-20 13:16:35.939772,0,2.5,0,['N5']
75bbea12-ad27-4a91-9fc3-ef0caf016b38,JLPT N5 Vocab,9e78a666-6b64-4bf4-a6a9-92113404b642,開く,"あく - to open, to become open",2024-07-20 13:16:35.939772,0,2.5,0,['N5']
75bbea12-ad27-4a91-9fc3-ef0caf016b38,JLPT N5 Vocab,a0b613dc-9af5-47d1-9e3e-8468fa3b42fb,教室,きょうしつ - classroom,2024-07-20 13:16:35.939772,0,2.5,0,['N5']
75bbea12-ad27-4a91-9fc3-ef0caf016b38,JLPT N5 Vocab,f6c2d57b-07f8-4558-bd5b-aec67da23f7f,かばん,"bag, basket",2024-07-20 13:16:35.939772,0,2.5,0,['N5']
75bbea12-ad27-4a91-9fc3-ef0caf016b38,JLPT N5 Vocab,4d81e536-ce41-4369-a4bd-34447dfadf5a,マッチ,match,2024-07-20 13:16:35.939772,0,2.5,0,['N5']
75bbea12-ad27-4a91-9fc3-ef0caf016b38,JLPT N5 Vocab,9a35afda-5b0c-4fbe-b0cd-050db26eec96,短い,みじかい - short,2024-07-20 13:16:35.939772,0,2.5,0,['N5']
75bbea12-ad27-4a91-9fc3-ef0caf016b38,JLPT N5 Vocab,0d020aa6-c334-45da-9e1d-8ed9539e56e7,姉,あね - (humble) older sister,2024-07-20 13:16:35.939772,0,2.5,0,['N5']
75bbea12-ad27-4a91-9fc3-ef0caf016b38,JLPT N5 Vocab,05b989cd-7fbb-47e6-9145-f0bace6d5aed,大勢,おおぜい - great number of people,2024-07-20 13:16:35.939772,0,2.5,0,['N5']
75bbea12-ad27-4a91-9fc3-ef0caf016b38,JLPT N5 Vocab,213e1595-a612-443e-8524-d72a2839c861,開ける,あける - to open,2024-07-20 13:16:35.939772,0,2.5,0,['N5']
75bbea12-ad27-4a91-9fc3-ef0caf016b38,JLPT N5 Vocab,af2c1f72-164a-4d3d-b39f-4527ae903649,忙しい,"いそがしい - busy, irritated",2024-07-20 13:16:35.939772,0,2.5,0,['N5']
75bbea12-ad27-4a91-9fc3-ef0caf016b38,JLPT N5 Vocab,b9cddbf1-c574-4eeb-93bc-0ed5f865748d,おばあさん,"grandmother, female senior-citizen",2024-07-20 13:16:35.939772,0,2.5,0,['N5']
75bbea12-ad27-4a91-9fc3-ef0caf016b38,JLPT N5 Vocab,c00e2945-b851-41ca-b671-7b618b9930bd,店,みせ - shop,2024-07-20 13:16:35.939772,0,2.5,0,['N5']
75bbea12-ad27-4a91-9fc3-ef0caf016b38,JLPT N5 Vocab,ac5a4714-e97d-4000-a708-a4c0d9d89255,ワイシャツ,business shirt,2024-07-20 13:16:35.939772,0,2.5,0,['N5']
75bbea12-ad27-4a91-9fc3-ef0caf016b38,JLPT N5 Vocab,fb5acc7e-4e3b-48e3-8058-b87b87ec10f7,北,きた - north,2024-07-20 13:16:35.939772,0,2.5,0,['N5']
75bbea12-ad27-4a91-9fc3-ef0caf016b38,JLPT N5 Vocab,28e1a27e-f004-4d06-a7f5-5205f65d513d,ラジオ,radio,2024-07-20 13:16:35.939772,0,2.5,0,['N5']
75bbea12-ad27-4a91-9fc3-ef0caf016b38,JLPT N5 Vocab,14b368da-09b2-4fd2-bd0d-35ae091f3f5a,すぐに,instantly,2024-07-20 13:16:35.939772,0,2.5,0,['N5']
75bbea12-ad27-4a91-9fc3-ef0caf016b38,JLPT N5 Vocab,39282e2d-9e02-4079-b8d8-37a8c09415ff,ハンカチ,handkerchief,2024-07-20 13:16:35.939772,0,2.5,0,['N5']
75bbea12-ad27-4a91-9fc3-ef0caf016b38,JLPT N5 Vocab,382cd88b-9a31-4d9f-a885-96635a592284,いつ,when,2024-07-20 13:16:35.939772,0,2.5,0,['N5']
75bbea12-ad27-4a91-9fc3-ef0caf016b38,JLPT N5 Vocab,6f77d084-b745-472d-a2b4-059db11f0a4f,全部,ぜんぶ - all,2024-07-20 13:16:35.939772,0,2.5,0,['N5']
75bbea12-ad27-4a91-9fc3-ef0caf016b38,JLPT N5 Vocab,eac27b75-bb26-4b11-a5f9-37577c300049,橋,はし - bridge,2024-07-20 13:16:35.939772,0,2.5,0,['N5']
75bbea12-ad27-4a91-9fc3-ef0caf016b38,JLPT N5 Vocab,65a35e20-7bc6-4540-afbf-ad3a2b9fc0d9,川 / 河,かわ - river,2024-07-20 13:16:35.939772,0,2.5,0,['N5']
75bbea12-ad27-4a91-9fc3-ef0caf016b38,JLPT N5 Vocab,8763482a-c8cf-443e-9004-d74c7e08a727,バター,butter,2024-07-20 13:16:35.939772,0,2.5,0,['N5']
75bbea12-ad27-4a91-9fc3-ef0caf016b38,JLPT N5 Vocab,49017f75-3312-49cc-a2a0-bfab3db922c1,もっと,more,2024-07-20 13:16:35.939772,0,2.5,0,['N5']
75bbea12-ad27-4a91-9fc3-ef0caf016b38,JLPT N5 Vocab,1caba8ef-ea48-4659-8d7c-314ab5dcc411,入口,いりぐち - entrance,2024-07-20 13:16:35.939772,0,2.5,0,['N5']
75bbea12-ad27-4a91-9fc3-ef0caf016b38,JLPT N5 Vocab,61e83b49-0767-4c85-876a-486c64c6f2b8,など,et cetera,2024-07-20 13:16:35.939772,0,2.5,0,['N5']
75bbea12-ad27-4a91-9fc3-ef0caf016b38,JLPT N5 Vocab,53b77e01-4c08-414b-af3b-41de52d8a69a,太い,ふとい - fat,2024-07-20 13:16:35.939772,0,2.5,0,['N5']
75bbea12-ad27-4a91-9fc3-ef0caf016b38,JLPT N5 Vocab,b0b6c827-c245-46a3-9a4a-7fb57415a8f7,やる,to do,2024-07-20 13:16:35.939772,0,2.5,0,['N5']
75bbea12-ad27-4a91-9fc3-ef0caf016b38,JLPT N5 Vocab,1fb1ec3f-a11b-4cad-9a91-0c04a7759474,自動車,じどうしゃ - automobile,2024-07-20 13:16:35.939772,0,2.5,0,['N5']
75bbea12-ad27-4a91-9fc3-ef0caf016b38,JLPT N5 Vocab,f3f9df7b-ce95-42e5-bdc5-81eb72cc2695,昼,"ひる - noon, daytime",2024-07-20 13:16:35.939772,0,2.5,0,['N5']
75bbea12-ad27-4a91-9fc3-ef0caf016b38,JLPT N5 Vocab,f4d574c3-60a3-415d-9a3d-24d0a325c75c,色,いろ - colour,2024-07-20 13:16:35.939772,0,2.5,0,['N5']
75bbea12-ad27-4a91-9fc3-ef0caf016b38,JLPT N5 Vocab,71c90f34-e005-4334-814e-3335a461edf3,黄色,きいろ - yellow,2024-07-20 13:16:35.939772,0,2.5,0,['N5']
75bbea12-ad27-4a91-9fc3-ef0caf016b38,JLPT N5 Vocab,67bdd49d-47ca-451f-9234-f4e0751e9cb9,左,ひだり - left hand side,2024-07-20 13:16:35.939772,0,2.5,0,['N5']
75bbea12-ad27-4a91-9fc3-ef0caf016b38,JLPT N5 Vocab,343240db-0f06-4c91-a9e6-bd682b729e79,野菜,やさい - vegetable,2024-07-20 13:16:35.939772,0,2.5,0,['N5']
75bbea12-ad27-4a91-9fc3-ef0caf016b38,JLPT N5 Vocab,f9987d89-70da-4856-8128-2e34fc9cd264,シャワー,shower,2024-07-20 13:16:35.939772,0,2.5,0,['N5']
75bbea12-ad27-4a91-9fc3-ef0caf016b38,JLPT N5 Vocab,1c37fc4b-3d0c-4d33-a72a-93706599175c,散歩,さんぽする - to stroll,2024-07-20 13:16:35.939772,0,2.5,0,['N5']
75bbea12-ad27-4a91-9fc3-ef0caf016b38,JLPT N5 Vocab,dc749478-6c48-453f-b020-dfdbcb735ce0,三,さん - three,2024-07-20 13:16:35.939772,0,2.5,0,['N5']
75bbea12-ad27-4a91-9fc3-ef0caf016b38,JLPT N5 Vocab,3c5c49c7-1760-4bd9-b8e2-a07571a76f64,消える,きえる - to disappear,2024-07-20 13:16:35.939772,0,2.5,0,['N5']
75bbea12-ad27-4a91-9fc3-ef0caf016b38,JLPT N5 Vocab,763a74d9-e219-4d2c-8521-96abc44c06a2,映画館,えいがかん - cinema,2024-07-20 13:16:35.939772,0,2.5,0,['N5']
75bbea12-ad27-4a91-9fc3-ef0caf016b38,JLPT N5 Vocab,7c4c5d9b-e8a9-4545-8c6d-e5616bd7f642,いす,chair,2024-07-20 13:16:35.939772,0,2.5,0,['N5']
75bbea12-ad27-4a91-9fc3-ef0caf016b38,JLPT N5 Vocab,b01ba180-b72e-4b3d-8edc-e9cc87ac1941,誕生日,たんじょうび - birthday,2024-07-20 13:16:35.939772,0,2.5,0,['N5']
75bbea12-ad27-4a91-9fc3-ef0caf016b38,JLPT N5 Vocab,493ee621-5c80-4504-b2a4-ca43dcfc6e55,切る,きる - to cut,2024-07-20 13:16:35.939772,0,2.5,0,['N5']
75bbea12-ad27-4a91-9fc3-ef0caf016b38,JLPT N5 Vocab,29c9c109-a734-49a7-be43-c6561e1a28a1,七日,"なのか - seven days, the seventh day",2024-07-20 13:16:35.939772,0,2.5,0,['N5']
75bbea12-ad27-4a91-9fc3-ef0caf016b38,JLPT N5 Vocab,b5f6b099-9604-4b87-b3d7-619d24b395b9,洗う,あらう - to wash,2024-07-20 13:16:35.939772,0,2.5,0,['N5']
75bbea12-ad27-4a91-9fc3-ef0caf016b38,JLPT N5 Vocab,d2f19fd4-6c85-42c5-8970-3393bef7f50d,あれ,that,2024-07-20 13:16:35.939772,0,2.5,0,['N5']
75bbea12-ad27-4a91-9fc3-ef0caf016b38,JLPT N5 Vocab,4584b78f-f07b-4b02-92fd-175508457787,グラム,gram,2024-07-20 13:16:35.939772,0,2.5,0,['N5']
75bbea12-ad27-4a91-9fc3-ef0caf016b38,JLPT N5 Vocab,b3b9bb17-108d-48d0-9207-d48c3076df4b,習う,ならう - to learn,2024-07-20 13:16:35.939772,0,2.5,0,['N5']
75bbea12-ad27-4a91-9fc3-ef0caf016b38,JLPT N5 Vocab,151bf2a8-822d-4ccb-9d4b-1f4d312affd9,後,あと - afterwards,2024-07-20 13:16:35.939772,0,2.5,0,['N5']
75bbea12-ad27-4a91-9fc3-ef0caf016b38,JLPT N5 Vocab,7444e5bc-2a0f-44d9-8bb4-d3b1b7acff4f,猫,ねこ - cat,2024-07-20 13:16:35.939772,0,2.5,0,['N5']
75bbea12-ad27-4a91-9fc3-ef0caf016b38,JLPT N5 Vocab,9601883e-15b7-444e-9f03-ce281e7b280f,図書館,としょかん - library,2024-07-20 13:16:35.939772,0,2.5,0,['N5']
75bbea12-ad27-4a91-9fc3-ef0caf016b38,JLPT N5 Vocab,414ae197-67cf-4471-87c7-ee307a3040e5,並べる,"ならべる - to line up, to set up",2024-07-20 13:16:35.939772,0,2.5,0,['N5']
75bbea12-ad27-4a91-9fc3-ef0caf016b38,JLPT N5 Vocab,2fd614b1-672b-4c42-91a1-26d3d59531cd,しかし,however,2024-07-20 13:16:35.939772,0,2.5,0,['N5']
75bbea12-ad27-4a91-9fc3-ef0caf016b38,JLPT N5 Vocab,6e7490e0-5352-49f2-b1e2-4dd4e0cd870a,大きい,おおきい - big,2024-07-20 13:16:35.939772,0,2.5,0,['N5']
75bbea12-ad27-4a91-9fc3-ef0caf016b38,JLPT N5 Vocab,f6d44cbb-9da6-4370-8e35-05e6f21ced87,八日,"ようか - eight days, eighth day of the month",2024-07-20 13:16:35.939772,0,2.5,0,['N5']
75bbea12-ad27-4a91-9fc3-ef0caf016b38,JLPT N5 Vocab,faabd00e-119f-4756-9975-63049f753f13,歩く,あるく - to walk,2024-07-20 13:16:35.939772,0,2.5,0,['N5']
75bbea12-ad27-4a91-9fc3-ef0caf016b38,JLPT N5 Vocab,33df67ba-f548-4b72-9bd3-f839828f71b4,ズボン,trousers,2024-07-20 13:16:35.939772,0,2.5,0,['N5']
75bbea12-ad27-4a91-9fc3-ef0caf016b38,JLPT N5 Vocab,b0615a44-6abb-4eda-8558-9bc5cfa7938d,九日,"ここのか - nine days, ninth day",2024-07-20 13:16:35.939772,0,2.5,0,['N5']
75bbea12-ad27-4a91-9fc3-ef0caf016b38,JLPT N5 Vocab,39d0132d-a665-4010-94e9-eedf5932862f,そっち,over there,2024-07-20 13:16:35.939772,0,2.5,0,['N5']
75bbea12-ad27-4a91-9fc3-ef0caf016b38,JLPT N5 Vocab,906d4514-8ab7-4dd7-baa6-c1522d827cd4,たて,"length, height",2024-07-20 13:16:35.939772,0,2.5,0,['N5']
75bbea12-ad27-4a91-9fc3-ef0caf016b38,JLPT N5 Vocab,c0b3e0e7-6c92-40fa-9609-ba618d9a33a1,カップ,cup,2024-07-20 13:16:35.939772,0,2.5,0,['N5']
75bbea12-ad27-4a91-9fc3-ef0caf016b38,JLPT N5 Vocab,d50787bb-1ca0-4562-a785-75f70acf0259,あの,that over there,2024-07-20 13:16:35.939772,0,2.5,0,['N5']
75bbea12-ad27-4a91-9fc3-ef0caf016b38,JLPT N5 Vocab,4e73b384-e624-4c7d-b04e-e1f9db5c7a49,頼む,たのむ - to ask,2024-07-20 13:16:35.939772,0,2.5,0,['N5']
75bbea12-ad27-4a91-9fc3-ef0caf016b38,JLPT N5 Vocab,14a59aca-e45e-440f-bc87-b7bd7d4beded,お兄さん,おにいさん - (honorable) older brother,2024-07-20 13:16:35.939772,0,2.5,0,['N5']
75bbea12-ad27-4a91-9fc3-ef0caf016b38,JLPT N5 Vocab,e11e10f2-ee58-4209-bca6-9b1458f324eb,手,て - hand,2024-07-20 13:16:35.939772,0,2.5,0,['N5']
75bbea12-ad27-4a91-9fc3-ef0caf016b38,JLPT N5 Vocab,f66c43d2-fe0b-4860-8b87-5b0118369f03,ええ,yes,2024-07-20 13:16:35.939772,0,2.5,0,['N5']
75bbea12-ad27-4a91-9fc3-ef0caf016b38,JLPT N5 Vocab,68f5fecc-f178-4037-a0a4-083c475e6181,毎日,まいにち - every day,2024-07-20 13:16:35.939772,0,2.5,0,['N5']
75bbea12-ad27-4a91-9fc3-ef0caf016b38,JLPT N5 Vocab,215715dd-f55a-4afb-aaf3-58b1a080197f,花,はな - flower,2024-07-20 13:16:35.939772,0,2.5,0,['N5']
75bbea12-ad27-4a91-9fc3-ef0caf016b38,JLPT N5 Vocab,fba11aaf-ecce-48e7-bfb7-445f34377ae8,一,いち - one,2024-07-20 13:16:35.939772,0,2.5,0,['N5']
75bbea12-ad27-4a91-9fc3-ef0caf016b38,JLPT N5 Vocab,cecc53bf-dc4f-416f-9194-9b5e628e2240,居る,"いる - to be, to have (used for people and animals)",2024-07-20 13:16:35.939772,0,2.5,0,['N5']
75bbea12-ad27-4a91-9fc3-ef0caf016b38,JLPT N5 Vocab,a70606c0-8a9f-4e2f-ab0f-c8e876c1de68,砂糖,さとう - sugar,2024-07-20 13:16:35.939772,0,2.5,0,['N5']
75bbea12-ad27-4a91-9fc3-ef0caf016b38,JLPT N5 Vocab,f53aaf78-d12c-4517-8087-5334638d5de4,カレンダー,calendar,2024-07-20 13:16:35.939772,0,2.5,0,['N5']
75bbea12-ad27-4a91-9fc3-ef0caf016b38,JLPT N5 Vocab,0b04b319-a129-4535-b2cc-2b818256b2ed,今,いま - now,2024-07-20 13:16:35.939772,0,2.5,0,['N5']
75bbea12-ad27-4a91-9fc3-ef0caf016b38,JLPT N5 Vocab,a72b7d7f-eb0a-499d-8363-40e771b62531,旅行,りょこう - travel,2024-07-20 13:16:35.939772,0,2.5,0,['N5']
75bbea12-ad27-4a91-9fc3-ef0caf016b38,JLPT N5 Vocab,78e7ae14-0bed-4d0d-909f-3a303d89f30b,できる,to be able to,2024-07-20 13:16:35.939772,0,2.5,0,['N5']
75bbea12-ad27-4a91-9fc3-ef0caf016b38,JLPT N5 Vocab,a716ca47-7f8c-4c84-8b8a-d5fca8df0a76,春,はる - spring,2024-07-20 13:16:35.939772,0,2.5,0,['N5']
75bbea12-ad27-4a91-9fc3-ef0caf016b38,JLPT N5 Vocab,08b2fa7e-f592-4aa2-af8e-e31d3a45100f,する,to do,2024-07-20 13:16:35.939772,0,2.5,0,['N5']
75bbea12-ad27-4a91-9fc3-ef0caf016b38,JLPT N5 Vocab,69843423-42e7-4566-9fd6-bb94e3c0bd13,八つ,やっつ - eight,2024-07-20 13:16:35.939772,0,2.5,0,['N5']
75bbea12-ad27-4a91-9fc3-ef0caf016b38,JLPT N5 Vocab,022ca394-3bab-428b-b185-f2d934b1cbd0,町,"まち - town, city",2024-07-20 13:16:35.939772,0,2.5,0,['N5']
75bbea12-ad27-4a91-9fc3-ef0caf016b38,JLPT N5 Vocab,8db53f21-8c42-48b0-9c13-af860b0a8cb1,渡す,わたす - to hand over,2024-07-20 13:16:35.939772,0,2.5,0,['N5']
75bbea12-ad27-4a91-9fc3-ef0caf016b38,JLPT N5 Vocab,e4d342c2-f233-467d-9b74-ec0ca3ef02dc,青,あお - blue,2024-07-20 13:16:35.939772,0,2.5,0,['N5']
75bbea12-ad27-4a91-9fc3-ef0caf016b38,JLPT N5 Vocab,473475cd-48c7-46cc-8755-2dd96241fdfa,白,しろ - white,2024-07-20 13:16:35.939772,0,2.5,0,['N5']
75bbea12-ad27-4a91-9fc3-ef0caf016b38,JLPT N5 Vocab,0bddc76a-eebe-45bb-8510-e4d5fcafbee3,ある,"to be, to have (used for inanimate objects)",2024-07-20 13:16:35.939772,0,2.5,0,['N5']
75bbea12-ad27-4a91-9fc3-ef0caf016b38,JLPT N5 Vocab,edc4980e-9730-40ae-9eb6-52fc13131698,ベッド,bed,2024-07-20 13:16:35.939772,0,2.5,0,['N5']
75bbea12-ad27-4a91-9fc3-ef0caf016b38,JLPT N5 Vocab,68d066ab-4de8-4483-8d45-ec486befc2b4,水,みず - water,2024-07-20 13:16:35.939772,0,2.5,0,['N5']
75bbea12-ad27-4a91-9fc3-ef0caf016b38,JLPT N5 Vocab,e2f943ee-44c1-4ec5-a31d-ecdf7981a33e,いくつ,"how many?, how old?",2024-07-20 13:16:35.939772,0,2.5,0,['N5']
75bbea12-ad27-4a91-9fc3-ef0caf016b38,JLPT N5 Vocab,dc73eab8-752e-457f-8fed-92db9093353d,楽しい,たのしい - enjoyable,2024-07-20 13:16:35.939772,0,2.5,0,['N5']
75bbea12-ad27-4a91-9fc3-ef0caf016b38,JLPT N5 Vocab,a1a57be9-12e8-4b81-b3cc-339ff4b32ff6,御飯,"ごはん - cooked rice, meal",2024-07-20 13:16:35.939772,0,2.5,0,['N5']
75bbea12-ad27-4a91-9fc3-ef0caf016b38,JLPT N5 Vocab,35ca1ab3-ec1a-4aee-b8c8-7612914c2751,皆さん,みなさん - everyone,2024-07-20 13:16:35.939772,0,2.5,0,['N5']
75bbea12-ad27-4a91-9fc3-ef0caf016b38,JLPT N5 Vocab,de42d934-fd96-47ae-82ba-f21f1dd05fee,おいしい,delicious,2024-07-20 13:16:35.939772,0,2.5,0,['N5']
75bbea12-ad27-4a91-9fc3-ef0caf016b38,JLPT N5 Vocab,a86f8558-6819-4dd3-9b55-5758f926fc46,ペット,pet,2024-07-20 13:16:35.939772,0,2.5,0,['N5']
75bbea12-ad27-4a91-9fc3-ef0caf016b38,JLPT N5 Vocab,8cafd786-a794-4bb7-9b67-c6cdf8f14644,外,そと - outside,2024-07-20 13:16:35.939772,0,2.5,0,['N5']
75bbea12-ad27-4a91-9fc3-ef0caf016b38,JLPT N5 Vocab,eb6ed8b4-66c1-44a5-b37c-98397d293956,前,まえ - before,2024-07-20 13:16:35.939772,0,2.5,0,['N5']
75bbea12-ad27-4a91-9fc3-ef0caf016b38,JLPT N5 Vocab,96164332-ff56-49c9-a322-854ffc65064e,来る,くる - to come,2024-07-20 13:16:35.939772,0,2.5,0,['N5']
75bbea12-ad27-4a91-9fc3-ef0caf016b38,JLPT N5 Vocab,5bbc25e0-4193-4cd4-a6a4-0519b1579041,おもしろい,interesting,2024-07-20 13:16:35.939772,0,2.5,0,['N5']
75bbea12-ad27-4a91-9fc3-ef0caf016b38,JLPT N5 Vocab,d89d7ba0-2771-4a0e-ad9b-c2a6be2d3ec9,貸す,かす - to lend,2024-07-20 13:16:35.939772,0,2.5,0,['N5']
75bbea12-ad27-4a91-9fc3-ef0caf016b38,JLPT N5 Vocab,e821a546-b9f4-4f92-89d4-4e95aabf8b28,早い,はやい - early,2024-07-20 13:16:35.939772,0,2.5,0,['N5']
75bbea12-ad27-4a91-9fc3-ef0caf016b38,JLPT N5 Vocab,161a8e9d-eb71-473b-ad4b-d4cb2420b334,弱い,よわい - weak,2024-07-20 13:16:35.939772,0,2.5,0,['N5']
75bbea12-ad27-4a91-9fc3-ef0caf016b38,JLPT N5 Vocab,feca9c71-71f9-43b9-acb5-4654973944e6,洗濯,せんたく - washing,2024-07-20 13:16:35.939772,0,2.5,0,['N5']
75bbea12-ad27-4a91-9fc3-ef0caf016b38,JLPT N5 Vocab,ed9acef4-c659-475e-ae73-f62052988719,九つ,ここのつ - nine,2024-07-20 13:16:35.939772,0,2.5,0,['N5']
75bbea12-ad27-4a91-9fc3-ef0caf016b38,JLPT N5 Vocab,4825693c-ff70-4b10-b3c2-16dc8e14983f,来年,らいねん - next year,2024-07-20 13:16:35.939772,0,2.5,0,['N5']
75bbea12-ad27-4a91-9fc3-ef0caf016b38,JLPT N5 Vocab,3505ac6c-0969-4009-b265-64515491580f,眼鏡,めがね - glasses,2024-07-20 13:16:35.939772,0,2.5,0,['N5']
75bbea12-ad27-4a91-9fc3-ef0caf016b38,JLPT N5 Vocab,1434d19d-a8f9-4f8e-8985-5aad616eb0f5,背,"せ - height, stature",2024-07-20 13:16:35.939772,0,2.5,0,['N5']
75bbea12-ad27-4a91-9fc3-ef0caf016b38,JLPT N5 Vocab,cabe4ef9-c44a-4f6d-a25b-25411cdeb042,水曜日,すいようび - Wednesday,2024-07-20 13:16:35.939772,0,2.5,0,['N5']
75bbea12-ad27-4a91-9fc3-ef0caf016b38,JLPT N5 Vocab,d0d58129-5e81-414c-a046-5258466f22f7,お金,おかね - money,2024-07-20 13:16:35.939772,0,2.5,0,['N5']
75bbea12-ad27-4a91-9fc3-ef0caf016b38,JLPT N5 Vocab,201549a9-3978-4217-8a5c-bdc134d81da9,同じ,おなじ - same,2024-07-20 13:16:35.939772,0,2.5,0,['N5']
75bbea12-ad27-4a91-9fc3-ef0caf016b38,JLPT N5 Vocab,ffd5b376-dc5a-4a0f-8313-da4da9f8085b,弾く,"ひく - to play an instrument with strings, including piano",2024-07-20 13:16:35.939772,0,2.5,0,['N5']
75bbea12-ad27-4a91-9fc3-ef0caf016b38,JLPT N5 Vocab,5f009239-5c84-4b96-b7ae-e6cded59bf9a,土曜日,どようび - Saturday,2024-07-20 13:16:35.939772,0,2.5,0,['N5']
75bbea12-ad27-4a91-9fc3-ef0caf016b38,JLPT N5 Vocab,f6bed0fb-b60c-4149-adf0-84166b7fafcb,階段,かいだん - stairs,2024-07-20 13:16:35.939772,0,2.5,0,['N5']
75bbea12-ad27-4a91-9fc3-ef0caf016b38,JLPT N5 Vocab,de189dd2-ae1f-4e25-a4fb-09e0b02c1250,煩い,"うるさい - noisy, annoying",2024-07-20 13:16:35.939772,0,2.5,0,['N5']
75bbea12-ad27-4a91-9fc3-ef0caf016b38,JLPT N5 Vocab,56c9081d-055e-4f63-9d31-d88d71ac489f,半分,はんぶん - half minute,2024-07-20 13:16:35.939772,0,2.5,0,['N5']
75bbea12-ad27-4a91-9fc3-ef0caf016b38,JLPT N5 Vocab,e67708ec-ef9c-424e-8d79-a1b9720faf9c,背広,せびろ - business suit,2024-07-20 13:16:35.939772,0,2.5,0,['N5']
75bbea12-ad27-4a91-9fc3-ef0caf016b38,JLPT N5 Vocab,cc6d9763-c9b0-4f8e-938f-acac8d3454e5,晴れ,はれ - clear weather,2024-07-20 13:16:35.939772,0,2.5,0,['N5']
75bbea12-ad27-4a91-9fc3-ef0caf016b38,JLPT N5 Vocab,65345ae6-2c03-4db9-a18d-d3ed76b4bf8d,見せる,みせる - to show,2024-07-20 13:16:35.939772,0,2.5,0,['N5']
75bbea12-ad27-4a91-9fc3-ef0caf016b38,JLPT N5 Vocab,1ad5c460-d5f4-4f5d-94a6-164743e00893,飲み物,のみもの - a drink,2024-07-20 13:16:35.939772,0,2.5,0,['N5']
75bbea12-ad27-4a91-9fc3-ef0caf016b38,JLPT N5 Vocab,9cfd749f-09ab-4f53-9b09-b327d4cc962d,雪,ゆき - snow,2024-07-20 13:16:35.939772,0,2.5,0,['N5']
75bbea12-ad27-4a91-9fc3-ef0caf016b38,JLPT N5 Vocab,483497cf-4c36-4f68-bbe6-77cbf64761ae,買い物,かいもの - shopping,2024-07-20 13:16:35.939772,0,2.5,0,['N5']
75bbea12-ad27-4a91-9fc3-ef0caf016b38,JLPT N5 Vocab,5bfd4d18-53e0-4e80-bbd2-afa672258694,交差点,こうさてん - intersection,2024-07-20 13:16:35.939772,0,2.5,0,['N5']
75bbea12-ad27-4a91-9fc3-ef0caf016b38,JLPT N5 Vocab,8c8b5352-72dd-4bda-b2c8-71d2502a3184,駅,えき - station,2024-07-20 13:16:35.939772,0,2.5,0,['N5']
75bbea12-ad27-4a91-9fc3-ef0caf016b38,JLPT N5 Vocab,a7fedeb7-0a1a-4f65-8eca-a1b3853caf10,大丈夫,だいじょうぶ - all right,2024-07-20 13:16:35.939772,0,2.5,0,['N5']
75bbea12-ad27-4a91-9fc3-ef0caf016b38,JLPT N5 Vocab,1b34ed35-cca8-4875-a487-62f75122b55d,ボールペン,ball-point pen,2024-07-20 13:16:35.939772,0,2.5,0,['N5']
75bbea12-ad27-4a91-9fc3-ef0caf016b38,JLPT N5 Vocab,74fd86f0-3ff2-437f-b73f-3299709267d3,勉強,べんきょうする - to study,2024-07-20 13:16:35.939772,0,2.5,0,['N5']
75bbea12-ad27-4a91-9fc3-ef0caf016b38,JLPT N5 Vocab,a90ffe9a-7dcb-41ca-8055-61865ee130b9,兄弟,きょうだい - (humble) siblings,2024-07-20 13:16:35.939772,0,2.5,0,['N5']
75bbea12-ad27-4a91-9fc3-ef0caf016b38,JLPT N5 Vocab,1e0f31e1-6f20-4634-8802-01080ff82b4c,封筒,ふうとう - envelope,2024-07-20 13:16:35.939772,0,2.5,0,['N5']
75bbea12-ad27-4a91-9fc3-ef0caf016b38,JLPT N5 Vocab,89ab704d-9115-49bf-ad8d-076e1b8390ff,レコード,record,2024-07-20 13:16:35.939772,0,2.5,0,['N5']
75bbea12-ad27-4a91-9fc3-ef0caf016b38,JLPT N5 Vocab,c62260cf-a4c1-4306-8583-e0bb1c0d1597,コーヒー,coffee,2024-07-20 13:16:35.939772,0,2.5,0,['N5']
75bbea12-ad27-4a91-9fc3-ef0caf016b38,JLPT N5 Vocab,b01aa706-94af-42f7-b261-d00e25aa9e38,漢字,かんじ - Chinese character,2024-07-20 13:16:35.939772,0,2.5,0,['N5']
75bbea12-ad27-4a91-9fc3-ef0caf016b38,JLPT N5 Vocab,4648660a-c7eb-44ed-8005-4ce37fd4f355,喫茶店,きっさてん - coffee lounge,2024-07-20 13:16:35.939772,0,2.5,0,['N5']
75bbea12-ad27-4a91-9fc3-ef0caf016b38,JLPT N5 Vocab,0d1f6e05-ea11-4bd5-b64b-e5cb54ecf22a,その,that,2024-07-20 13:16:35.939772,0,2.5,0,['N5']
75bbea12-ad27-4a91-9fc3-ef0caf016b38,JLPT N5 Vocab,a93d8850-b428-4eee-95d0-31ce365741ed,子供,こども - child,2024-07-20 13:16:35.939772,0,2.5,0,['N5']
75bbea12-ad27-4a91-9fc3-ef0caf016b38,JLPT N5 Vocab,5606bf53-9719-46f9-a1b9-9bc1808bbc73,ちょっと,somewhat,2024-07-20 13:16:35.939772,0,2.5,0,['N5']
75bbea12-ad27-4a91-9fc3-ef0caf016b38,JLPT N5 Vocab,0b14c7ee-94be-41a5-a10b-5f859fc40d97,女の子,おんなのこ - girl,2024-07-20 13:16:35.939772,0,2.5,0,['N5']
75bbea12-ad27-4a91-9fc3-ef0caf016b38,JLPT N5 Vocab,a67b0959-5e29-45a5-b968-2448acd9dc4d,紙,かみ - paper,2024-07-20 13:16:35.939772,0,2.5,0,['N5']
75bbea12-ad27-4a91-9fc3-ef0caf016b38,JLPT N5 Vocab,9c8c6c91-7068-4e3a-96bb-093fd09c0069,字引,じびき - dictionary,2024-07-20 13:16:35.939772,0,2.5,0,['N5']
75bbea12-ad27-4a91-9fc3-ef0caf016b38,JLPT N5 Vocab,635397e4-80e6-48f9-95cc-5b76c478809d,あさって,day after tomorrow,2024-07-20 13:16:35.939772,0,2.5,0,['N5']
75bbea12-ad27-4a91-9fc3-ef0caf016b38,JLPT N5 Vocab,4589789b-6666-4d37-80f0-a5e0b1761370,嫌い,きらい - hate,2024-07-20 13:16:35.939772,0,2.5,0,['N5']
75bbea12-ad27-4a91-9fc3-ef0caf016b38,JLPT N5 Vocab,9448e98b-d1ed-4906-a9a8-e5ddad2a8baa,先,"さき - the future, previous",2024-07-20 13:16:35.939772,0,2.5,0,['N5']
75bbea12-ad27-4a91-9fc3-ef0caf016b38,JLPT N5 Vocab,32ea7b0f-7255-4fb7-9823-92bc7173ad70,答える,こたえる - to answer,2024-07-20 13:16:35.939772,0,2.5,0,['N5']
75bbea12-ad27-4a91-9fc3-ef0caf016b38,JLPT N5 Vocab,cced1a23-0bd4-4097-85de-df91a9bf9db3,食堂,しょくどう - dining hall,2024-07-20 13:16:35.939772,0,2.5,0,['N5']
75bbea12-ad27-4a91-9fc3-ef0caf016b38,JLPT N5 Vocab,e2a90125-0247-4c5f-8f29-5d2349eb3473,テーブル,table,2024-07-20 13:16:35.939772,0,2.5,0,['N5']
75bbea12-ad27-4a91-9fc3-ef0caf016b38,JLPT N5 Vocab,a445a7d1-57ea-4f6f-822d-b64b687837c9,コピーする,to copy,2024-07-20 13:16:35.939772,0,2.5,0,['N5']
75bbea12-ad27-4a91-9fc3-ef0caf016b38,JLPT N5 Vocab,394e9f55-b02e-4e50-ac15-645fb487a31d,働く,はたらく - to work,2024-07-20 13:16:35.939772,0,2.5,0,['N5']
75bbea12-ad27-4a91-9fc3-ef0caf016b38,JLPT N5 Vocab,d0338548-c3bc-49de-a96f-330c99b1e664,こんな,such,2024-07-20 13:16:35.939772,0,2.5,0,['N5']
75bbea12-ad27-4a91-9fc3-ef0caf016b38,JLPT N5 Vocab,473e1a66-8eee-4f89-a962-2e99b6c8816a,たくさん,many,2024-07-20 13:16:35.939772,0,2.5,0,['N5']
75bbea12-ad27-4a91-9fc3-ef0caf016b38,JLPT N5 Vocab,57ab2058-96b2-4ce9-8ea5-0d51471b2994,ドア,Western style door,2024-07-20 13:16:35.939772,0,2.5,0,['N5']
75bbea12-ad27-4a91-9fc3-ef0caf016b38,JLPT N5 Vocab,4ed29ace-ef4a-41b9-81bc-47b4c45201ab,見る  観る,"みる - to see, to watch",2024-07-20 13:16:35.939772,0,2.5,0,['N5']
75bbea12-ad27-4a91-9fc3-ef0caf016b38,JLPT N5 Vocab,599c1735-0bd6-4eaa-ad38-eb33a9bf763a,交番,こうばん - police box,2024-07-20 13:16:35.939772,0,2.5,0,['N5']
75bbea12-ad27-4a91-9fc3-ef0caf016b38,JLPT N5 Vocab,cc1a5942-7859-4890-9f10-1c8137c601bf,ナイフ,knife,2024-07-20 13:16:35.939772,0,2.5,0,['N5']
75bbea12-ad27-4a91-9fc3-ef0caf016b38,JLPT N5 Vocab,16415ef3-4051-48f1-898b-5cc0c1facd06,辛い,からい - spicy,2024-07-20 13:16:35.939772,0,2.5,0,['N5']
75bbea12-ad27-4a91-9fc3-ef0caf016b38,JLPT N5 Vocab,2a78daec-1a12-4ce6-83e7-9b12445bf63f,洋服,ようふく - western-style clothes,2024-07-20 13:16:35.939772,0,2.5,0,['N5']
75bbea12-ad27-4a91-9fc3-ef0caf016b38,JLPT N5 Vocab,e9093c26-586b-47c4-a344-8fcfea67fe74,晩御飯,ばんごはん - evening meal,2024-07-20 13:16:35.939772,0,2.5,0,['N5']
75bbea12-ad27-4a91-9fc3-ef0caf016b38,JLPT N5 Vocab,87c372b4-5d15-4452-822b-b27f290ddabf,車,"くるま - car, vehicle",2024-07-20 13:16:35.939772,0,2.5,0,['N5']
75bbea12-ad27-4a91-9fc3-ef0caf016b38,JLPT N5 Vocab,a629d296-4171-49df-b9c3-e34819e82068,ちょうど,exactly,2024-07-20 13:16:35.939772,0,2.5,0,['N5']
75bbea12-ad27-4a91-9fc3-ef0caf016b38,JLPT N5 Vocab,c0625e6b-4917-48ac-a821-afa8d8091b29,もう一度,もういちど - again,2024-07-20 13:16:35.939772,0,2.5,0,['N5']
75bbea12-ad27-4a91-9fc3-ef0caf016b38,JLPT N5 Vocab,a4c8e859-9714-4a77-9260-5f63c546d789,ポスト,post,2024-07-20 13:16:35.939772,0,2.5,0,['N5']
75bbea12-ad27-4a91-9fc3-ef0caf016b38,JLPT N5 Vocab,b818a619-f928-4693-91be-cb38c3323912,服,ふく - clothes,2024-07-20 13:16:35.939772,0,2.5,0,['N5']
75bbea12-ad27-4a91-9fc3-ef0caf016b38,JLPT N5 Vocab,14505753-458b-47a2-baa9-a2a9edc150a8,メートル,metre,2024-07-20 13:16:35.939772,0,2.5,0,['N5']
75bbea12-ad27-4a91-9fc3-ef0caf016b38,JLPT N5 Vocab,2bb43910-3d5f-4db9-ae9a-9e22ccfe424f,パン,bread,2024-07-20 13:16:35.939772,0,2.5,0,['N5']
75bbea12-ad27-4a91-9fc3-ef0caf016b38,JLPT N5 Vocab,b0125a6d-a39e-4a8c-a746-0539438d2d60,半,はん - half,2024-07-20 13:16:35.939772,0,2.5,0,['N5']
75bbea12-ad27-4a91-9fc3-ef0caf016b38,JLPT N5 Vocab,a5d92ee5-034f-40b0-b83e-ab13882af1e8,若い,わかい - young,2024-07-20 13:16:35.939772,0,2.5,0,['N5']
75bbea12-ad27-4a91-9fc3-ef0caf016b38,JLPT N5 Vocab,9a80ba98-ff55-4ce6-8c01-0c35ef049c8b,食べる,たべる - to eat,2024-07-20 13:16:35.939772,0,2.5,0,['N5']
75bbea12-ad27-4a91-9fc3-ef0caf016b38,JLPT N5 Vocab,7d2fc92f-a059-4ce1-9c42-b777f0a3e72e,四日,"よっか - four days, fouth day of the month",2024-07-20 13:16:35.939772,0,2.5,0,['N5']
75bbea12-ad27-4a91-9fc3-ef0caf016b38,JLPT N5 Vocab,40f2550b-b1d8-43bf-84bb-235a838a15ce,警官,けいかん - policeman,2024-07-20 13:16:35.939772,0,2.5,0,['N5']
75bbea12-ad27-4a91-9fc3-ef0caf016b38,JLPT N5 Vocab,3c15686e-6dac-44e0-80db-b6f1d1692f0e,伯父 / 叔父,"おじいさん - grandfather, male senior citizen",2024-07-20 13:16:35.939772,0,2.5,0,['N5']
75bbea12-ad27-4a91-9fc3-ef0caf016b38,JLPT N5 Vocab,7333b1a8-8866-4ced-af59-9044c933ac42,これ,this,2024-07-20 13:16:35.939772,0,2.5,0,['N5']
75bbea12-ad27-4a91-9fc3-ef0caf016b38,JLPT N5 Vocab,940893b5-dff4-49a6-85d5-b164b8731312,アパート,apartment,2024-07-20 13:16:35.939772,0,2.5,0,['N5']
75bbea12-ad27-4a91-9fc3-ef0caf016b38,JLPT N5 Vocab,db615042-53c6-4576-bbb5-6dfe09f2ce94,鳥,とり - bird,2024-07-20 13:16:35.939772,0,2.5,0,['N5']
75bbea12-ad27-4a91-9fc3-ef0caf016b38,JLPT N5 Vocab,626be8f7-dcfb-40e0-892b-76b011887b7b,ここ,here,2024-07-20 13:16:35.939772,0,2.5,0,['N5']
75bbea12-ad27-4a91-9fc3-ef0caf016b38,JLPT N5 Vocab,64ae19eb-f5c7-437f-9d44-7a232aa06fe1,方,"かた - person, way of doing",2024-07-20 13:16:35.939772,0,2.5,0,['N5']
75bbea12-ad27-4a91-9fc3-ef0caf016b38,JLPT N5 Vocab,acd4aabe-7667-4573-9c18-e66f8f904b97,タクシー,taxi,2024-07-20 13:16:35.939772,0,2.5,0,['N5']
75bbea12-ad27-4a91-9fc3-ef0caf016b38,JLPT N5 Vocab,e0bbc8dc-9df1-41bd-be51-9c28998635eb,では,with that...,2024-07-20 13:16:35.939772,0,2.5,0,['N5']
75bbea12-ad27-4a91-9fc3-ef0caf016b38,JLPT N5 Vocab,65c6162a-7497-4a06-bccc-378b68a7d65e,しょうゆ,soy sauce,2024-07-20 13:16:35.939772,0,2.5,0,['N5']
75bbea12-ad27-4a91-9fc3-ef0caf016b38,JLPT N5 Vocab,60c975cf-4bbc-4a22-b37a-fcbbdc348ff9,少ない,すくない - a few,2024-07-20 13:16:35.939772,0,2.5,0,['N5']
75bbea12-ad27-4a91-9fc3-ef0caf016b38,JLPT N5 Vocab,21c2ed7e-75be-44c8-ba7a-2763f215d9db,白い,しろい - white,2024-07-20 13:16:35.939772,0,2.5,0,['N5']
75bbea12-ad27-4a91-9fc3-ef0caf016b38,JLPT N5 Vocab,07a8215e-87d4-48cb-affb-2c844add5f84,待つ,まつ - to wait,2024-07-20 13:16:35.939772,0,2.5,0,['N5']
75bbea12-ad27-4a91-9fc3-ef0caf016b38,JLPT N5 Vocab,7573542b-ded9-4d3d-89ec-736dff387ef4,次,つぎ - next,2024-07-20 13:16:35.939772,0,2.5,0,['N5']
75bbea12-ad27-4a91-9fc3-ef0caf016b38,JLPT N5 Vocab,e8177dba-7de6-4c42-949b-54ed4bdb2379,行く,いく - to go,2024-07-20 13:16:35.939772,0,2.5,0,['N5']
75bbea12-ad27-4a91-9fc3-ef0caf016b38,JLPT N5 Vocab,517dc204-935e-4ea5-8cea-89c64b95689f,角,かど - a corner,2024-07-20 13:16:35.939772,0,2.5,0,['N5']
75bbea12-ad27-4a91-9fc3-ef0caf016b38,JLPT N5 Vocab,cb78399a-82eb-40b8-9380-8813a6522710,男,おとこ - man,2024-07-20 13:16:35.939772,0,2.5,0,['N5']
75bbea12-ad27-4a91-9fc3-ef0caf016b38,JLPT N5 Vocab,53c814c0-80c3-47c0-aceb-583f9ede54e8,ギター,guitar,2024-07-20 13:16:35.939772,0,2.5,0,['N5']
75bbea12-ad27-4a91-9fc3-ef0caf016b38,JLPT N5 Vocab,5218244f-e71b-4470-aad2-68eb7a1c2648,聞く,"きく - to hear, to listen to, to ask",2024-07-20 13:16:35.939772,0,2.5,0,['N5']
75bbea12-ad27-4a91-9fc3-ef0caf016b38,JLPT N5 Vocab,d0545895-4c28-4bc0-90e6-17d8cf54c4b0,走る,はしる - to run,2024-07-20 13:16:35.939772,0,2.5,0,['N5']
75bbea12-ad27-4a91-9fc3-ef0caf016b38,JLPT N5 Vocab,2493dfde-96cb-47f0-91f7-a37097120275,お母さん,おかあさん - (honorable) mother,2024-07-20 13:16:35.939772,0,2.5,0,['N5']
75bbea12-ad27-4a91-9fc3-ef0caf016b38,JLPT N5 Vocab,a54168dd-c639-4474-a09f-7e9591e16d63,意味,いみ - meaning,2024-07-20 13:16:35.939772,0,2.5,0,['N5']
75bbea12-ad27-4a91-9fc3-ef0caf016b38,JLPT N5 Vocab,4a0ea5d4-15a2-41e3-8bc7-59086259d216,物,もの - thing,2024-07-20 13:16:35.939772,0,2.5,0,['N5']
75bbea12-ad27-4a91-9fc3-ef0caf016b38,JLPT N5 Vocab,6f1bd20d-0196-4667-ad5e-2152f3c04538,強い,つよい - powerful,2024-07-20 13:16:35.939772,0,2.5,0,['N5']
75bbea12-ad27-4a91-9fc3-ef0caf016b38,JLPT N5 Vocab,44cfeb4c-4f5e-4185-9926-124ecdab2559,魚,さかな - fish,2024-07-20 13:16:35.939772,0,2.5,0,['N5']
75bbea12-ad27-4a91-9fc3-ef0caf016b38,JLPT N5 Vocab,062ed4ae-3143-416d-89bf-14cf6123f3ea,切手,きって - postage stamp,2024-07-20 13:16:35.939772,0,2.5,0,['N5']
75bbea12-ad27-4a91-9fc3-ef0caf016b38,JLPT N5 Vocab,34c5fa9a-ac99-4da6-96f2-cd559462b43d,暗い,くらい - gloomy,2024-07-20 13:16:35.939772,0,2.5,0,['N5']
75bbea12-ad27-4a91-9fc3-ef0caf016b38,JLPT N5 Vocab,e9135603-ea67-4c55-8664-658f7ffc7e43,出る,"でる - to appear, to leave",2024-07-20 13:16:35.939772,0,2.5,0,['N5']
75bbea12-ad27-4a91-9fc3-ef0caf016b38,JLPT N5 Vocab,810257a6-d865-4d45-9af2-b415b13fbd76,犬,いぬ - dog,2024-07-20 13:16:35.939772,0,2.5,0,['N5']
75bbea12-ad27-4a91-9fc3-ef0caf016b38,JLPT N5 Vocab,1de819d1-4c98-445d-9a43-4895d0e7a217,女,おんな - woman,2024-07-20 13:16:35.939772,0,2.5,0,['N5']
75bbea12-ad27-4a91-9fc3-ef0caf016b38,JLPT N5 Vocab,8b0dfe92-4e55-4170-8c60-a1d2bedd3faa,飛行機,ひこうき - aeroplane,2024-07-20 13:16:35.939772,0,2.5,0,['N5']
75bbea12-ad27-4a91-9fc3-ef0caf016b38,JLPT N5 Vocab,103aad36-7d98-4e1d-8844-2c485b0e04f4,日曜日,にちようび - Sunday,2024-07-20 13:16:35.939772,0,2.5,0,['N5']
75bbea12-ad27-4a91-9fc3-ef0caf016b38,JLPT N5 Vocab,47b7c91d-9826-414c-a033-e83488a211b2,より、ほう,Used for comparison.,2024-07-20 13:16:35.939772,0,2.5,0,['N5']
75bbea12-ad27-4a91-9fc3-ef0caf016b38,JLPT N5 Vocab,6db25bda-4988-456b-bcc8-25e480b8632d,午前,ごぜん - morning,2024-07-20 13:16:35.939772,0,2.5,0,['N5']
75bbea12-ad27-4a91-9fc3-ef0caf016b38,JLPT N5 Vocab,762ced2f-52dd-4b3d-b332-8aa44536bca5,名前,なまえ - name,2024-07-20 13:16:35.939772,0,2.5,0,['N5']
75bbea12-ad27-4a91-9fc3-ef0caf016b38,JLPT N5 Vocab,6d717878-6e12-430f-a030-66b9c011da4a,丸い / 円い,"まるい - round, circular",2024-07-20 13:16:35.939772,0,2.5,0,['N5']
75bbea12-ad27-4a91-9fc3-ef0caf016b38,JLPT N5 Vocab,a11d71e3-b8ec-4c97-ac57-617d1d75adbb,曲る,"まがる - to turn, to bend",2024-07-20 13:16:35.939772,0,2.5,0,['N5']
75bbea12-ad27-4a91-9fc3-ef0caf016b38,JLPT N5 Vocab,b36561d8-b60c-47e2-9235-6f2d2072c619,鼻,はな - nose,2024-07-20 13:16:35.939772,0,2.5,0,['N5']
75bbea12-ad27-4a91-9fc3-ef0caf016b38,JLPT N5 Vocab,647a9779-d370-4039-b001-8d4218645f0b,お弁当,おべんとう - boxed lunch,2024-07-20 13:16:35.939772,0,2.5,0,['N5']
75bbea12-ad27-4a91-9fc3-ef0caf016b38,JLPT N5 Vocab,10a3b16e-40e4-4725-96c6-32ddb2b030a2,コップ,a glass,2024-07-20 13:16:35.939772,0,2.5,0,['N5']
75bbea12-ad27-4a91-9fc3-ef0caf016b38,JLPT N5 Vocab,8fdc6586-b43e-4d55-8ae5-7b4a98cc003c,結婚,けっこん - marriage,2024-07-20 13:16:35.939772,0,2.5,0,['N5']
75bbea12-ad27-4a91-9fc3-ef0caf016b38,JLPT N5 Vocab,0dcb0a8f-d794-48c7-8995-d7d797a3e8e4,置く,おく - to put,2024-07-20 13:16:35.939772,0,2.5,0,['N5']
75bbea12-ad27-4a91-9fc3-ef0caf016b38,JLPT N5 Vocab,3423167c-50b3-40c4-8fc4-c42a78406dc2,渡る,わたる - to go across,2024-07-20 13:16:35.939772,0,2.5,0,['N5']
75bbea12-ad27-4a91-9fc3-ef0caf016b38,JLPT N5 Vocab,cd8bad0e-1166-4d0a-833c-6f2864b71127,伯母さん / 叔母さん,おばさん - aunt,2024-07-20 13:16:35.939772,0,2.5,0,['N5']
75bbea12-ad27-4a91-9fc3-ef0caf016b38,JLPT N5 Vocab,7f4574a5-4b44-4dd6-81fc-9210a1102ff2,それから,after that,2024-07-20 13:16:35.939772,0,2.5,0,['N5']
75bbea12-ad27-4a91-9fc3-ef0caf016b38,JLPT N5 Vocab,cca5b41e-8dff-4679-87fa-0b1f9b2f0758,明い,あかるい - bright,2024-07-20 13:16:35.939772,0,2.5,0,['N5']
75bbea12-ad27-4a91-9fc3-ef0caf016b38,JLPT N5 Vocab,94ce931e-fe8c-442e-bce3-072d700dae9c,家庭,かてい - household,2024-07-20 13:16:35.939772,0,2.5,0,['N5']
75bbea12-ad27-4a91-9fc3-ef0caf016b38,JLPT N5 Vocab,895e3069-4426-4262-b2a2-cdf3e72d1ae4,パーティー,party,2024-07-20 13:16:35.939772,0,2.5,0,['N5']
75bbea12-ad27-4a91-9fc3-ef0caf016b38,JLPT N5 Vocab,69ae929a-04ee-427f-a7a4-30448cecb971,あちら,there,2024-07-20 13:16:35.939772,0,2.5,0,['N5']
75bbea12-ad27-4a91-9fc3-ef0caf016b38,JLPT N5 Vocab,3935b608-c9d5-443c-bed1-ea0da1570f2d,スカート,skirt,2024-07-20 13:16:35.939772,0,2.5,0,['N5']
75bbea12-ad27-4a91-9fc3-ef0caf016b38,JLPT N5 Vocab,50636320-d4ca-48f4-a460-ad80848e5f74,靴,くつ - shoes,2024-07-20 13:16:35.939772,0,2.5,0,['N5']
75bbea12-ad27-4a91-9fc3-ef0caf016b38,JLPT N5 Vocab,c01cb288-379c-4775-83c7-94fb02d01999,ボタン,button,2024-07-20 13:16:35.939772,0,2.5,0,['N5']
75bbea12-ad27-4a91-9fc3-ef0caf016b38,JLPT N5 Vocab,51884cef-5087-45e9-ad1b-12b7c8c37c6a,今月,こんげつ - this month,2024-07-20 13:16:35.939772,0,2.5,0,['N5']
75bbea12-ad27-4a91-9fc3-ef0caf016b38,JLPT N5 Vocab,e939e7f7-cad3-4733-8442-67170deeb706,返す,かえす - to return something,2024-07-20 13:16:35.939772,0,2.5,0,['N5']
75bbea12-ad27-4a91-9fc3-ef0caf016b38,JLPT N5 Vocab,23a38236-612d-4ddd-b069-957e847d1018,いかが,how,2024-07-20 13:16:35.939772,0,2.5,0,['N5']
75bbea12-ad27-4a91-9fc3-ef0caf016b38,JLPT N5 Vocab,4a104b06-25c8-44cf-a6a6-9732fa9b8e36,ストーブ,heater,2024-07-20 13:16:35.939772,0,2.5,0,['N5']
75bbea12-ad27-4a91-9fc3-ef0caf016b38,JLPT N5 Vocab,e88f591c-6294-4185-b978-75f11673bdf9,二人,ふたり - two people,2024-07-20 13:16:35.939772,0,2.5,0,['N5']
75bbea12-ad27-4a91-9fc3-ef0caf016b38,JLPT N5 Vocab,1e228dd0-46e5-415d-bd7c-40c261c30773,起きる,おきる - to get up,2024-07-20 13:16:35.939772,0,2.5,0,['N5']
75bbea12-ad27-4a91-9fc3-ef0caf016b38,JLPT N5 Vocab,a5469e98-981e-4f1a-aed7-fb83fb6e26dc,さあ,well…,2024-07-20 13:16:35.939772,0,2.5,0,['N5']
75bbea12-ad27-4a91-9fc3-ef0caf016b38,JLPT N5 Vocab,088378d9-7d0f-449a-884e-cea5e8f85eb1,あそこ,over there,2024-07-20 13:16:35.939772,0,2.5,0,['N5']
75bbea12-ad27-4a91-9fc3-ef0caf016b38,JLPT N5 Vocab,a612ed96-d0b4-40a6-8ec6-a8cd6291755a,古い,ふるい - old (not used for people),2024-07-20 13:16:35.939772,0,2.5,0,['N5']
75bbea12-ad27-4a91-9fc3-ef0caf016b38,JLPT N5 Vocab,0d67f4c6-be69-4cd2-af2f-91586eb8a250,黄色い,きいろい - yellow,2024-07-20 13:16:35.939772,0,2.5,0,['N5']
75bbea12-ad27-4a91-9fc3-ef0caf016b38,JLPT N5 Vocab,96d60271-697d-424d-8142-fab70a859ec3,まだ,"yet, still",2024-07-20 13:16:35.939772,0,2.5,0,['N5']
75bbea12-ad27-4a91-9fc3-ef0caf016b38,JLPT N5 Vocab,9b02677d-eb06-4607-b8c4-c0a52435b165,歌う,うたう - to sing,2024-07-20 13:16:35.939772,0,2.5,0,['N5']
75bbea12-ad27-4a91-9fc3-ef0caf016b38,JLPT N5 Vocab,0c8e5f13-6ae4-4acc-9bad-fa1ee51a13b4,飴,あめ - candy,2024-07-20 13:16:35.939772,0,2.5,0,['N5']
75bbea12-ad27-4a91-9fc3-ef0caf016b38,JLPT N5 Vocab,f0a008cc-cbf8-4fe7-986d-353aa301c5dc,寝る,"ねる - to go to bed, to sleep",2024-07-20 13:16:35.939772,0,2.5,0,['N5']
75bbea12-ad27-4a91-9fc3-ef0caf016b38,JLPT N5 Vocab,94a4b005-cbe7-4f29-8167-a602ed13fb56,それ,that,2024-07-20 13:16:35.939772,0,2.5,0,['N5']
75bbea12-ad27-4a91-9fc3-ef0caf016b38,JLPT N5 Vocab,55887012-bec3-4fee-8cf1-278432a814ec,質問,しつもん - question,2024-07-20 13:16:35.939772,0,2.5,0,['N5']
75bbea12-ad27-4a91-9fc3-ef0caf016b38,JLPT N5 Vocab,c8c5a0d3-50d2-4f11-bb50-06c572dfd9a6,どなた,who,2024-07-20 13:16:35.939772,0,2.5,0,['N5']
75bbea12-ad27-4a91-9fc3-ef0caf016b38,JLPT N5 Vocab,91f8d22e-2b2c-4040-be43-77bf0579720c,牛乳,ぎゅうにゅう - milk,2024-07-20 13:16:35.939772,0,2.5,0,['N5']
75bbea12-ad27-4a91-9fc3-ef0caf016b38,JLPT N5 Vocab,60c38d35-4173-42c5-a6f3-a5f8b63f4a7b,二,に - two,2024-07-20 13:16:35.939772,0,2.5,0,['N5']
75bbea12-ad27-4a91-9fc3-ef0caf016b38,JLPT N5 Vocab,bdf3186c-3d0a-44d9-abd5-4ae6c3a3aff5,紅茶,こうちゃ - black tea,2024-07-20 13:16:35.939772,0,2.5,0,['N5']
75bbea12-ad27-4a91-9fc3-ef0caf016b38,JLPT N5 Vocab,e212f3a9-fba5-490a-b3c6-08395677d16a,そちら,over there,2024-07-20 13:16:35.939772,0,2.5,0,['N5']
75bbea12-ad27-4a91-9fc3-ef0caf016b38,JLPT N5 Vocab,7f9b2f8d-c5ca-405c-8442-a4d1c9028406,出かける,でかける - to go out,2024-07-20 13:16:35.939772,0,2.5,0,['N5']
75bbea12-ad27-4a91-9fc3-ef0caf016b38,JLPT N5 Vocab,b10dcbb5-762f-48b3-a0a4-d9223f337971,兄,あに - (humble) older brother,2024-07-20 13:16:35.939772,0,2.5,0,['N5']
75bbea12-ad27-4a91-9fc3-ef0caf016b38,JLPT N5 Vocab,32ef30b9-d16f-4c08-abae-f2f3961d4526,留学生,りゅうがくせい - overseas student,2024-07-20 13:16:35.939772,0,2.5,0,['N5']
75bbea12-ad27-4a91-9fc3-ef0caf016b38,JLPT N5 Vocab,5399242e-05d7-47a4-9c2e-afcd05bf23b8,月曜日,げつようび - Monday,2024-07-20 13:16:35.939772,0,2.5,0,['N5']
75bbea12-ad27-4a91-9fc3-ef0caf016b38,JLPT N5 Vocab,fe827318-5da9-4068-9c0f-7f1aa2b975f3,締める,しめる - to tie,2024-07-20 13:16:35.939772,0,2.5,0,['N5']
75bbea12-ad27-4a91-9fc3-ef0caf016b38,JLPT N5 Vocab,9ec2ed8f-aa34-4543-9d73-aea1528d3b05,熱い,あつい - hot to the touch,2024-07-20 13:16:35.939772,0,2.5,0,['N5']
75bbea12-ad27-4a91-9fc3-ef0caf016b38,JLPT N5 Vocab,015fe55e-9c2a-4cbb-93b0-3cb4335cccfe,郵便局,ゆうびんきょく - post office,2024-07-20 13:16:35.939772,0,2.5,0,['N5']
75bbea12-ad27-4a91-9fc3-ef0caf016b38,JLPT N5 Vocab,6ba2e1e6-f4af-4c04-b31f-4bda306d7d0a,細い,ほそい - thin,2024-07-20 13:16:35.939772,0,2.5,0,['N5']
75bbea12-ad27-4a91-9fc3-ef0caf016b38,JLPT N5 Vocab,50bc684e-7685-4551-9593-6e45f5dfda88,六つ,むっつ - six,2024-07-20 13:16:35.939772,0,2.5,0,['N5']
75bbea12-ad27-4a91-9fc3-ef0caf016b38,JLPT N5 Vocab,69a5faa5-75e6-472d-9b3c-d9e3c4fbab1f,本棚,ほんだな - bookshelves,2024-07-20 13:16:35.939772,0,2.5,0,['N5']
75bbea12-ad27-4a91-9fc3-ef0caf016b38,JLPT N5 Vocab,203f90f0-0e9e-49ea-8544-8c45b6ec6c60,結構,"けっこう - splendid, enough",2024-07-20 13:16:35.939772,0,2.5,0,['N5']
75bbea12-ad27-4a91-9fc3-ef0caf016b38,JLPT N5 Vocab,19d01ec6-cbb3-484e-a020-1bb18ae54d02,こちら,this person or way,2024-07-20 13:16:35.939772,0,2.5,0,['N5']
75bbea12-ad27-4a91-9fc3-ef0caf016b38,JLPT N5 Vocab,4ea8ca56-346f-4056-9d68-05a9f6388964,昨夜,ゆうべ - last night,2024-07-20 13:16:35.939772,0,2.5,0,['N5']
75bbea12-ad27-4a91-9fc3-ef0caf016b38,JLPT N5 Vocab,204befec-e387-4d9d-8a6c-9d413f665044,外国人,がいこくじん - foreigner,2024-07-20 13:16:35.939772,0,2.5,0,['N5']
75bbea12-ad27-4a91-9fc3-ef0caf016b38,JLPT N5 Vocab,423ca167-44fc-48f0-ace1-70e5d3c58fc9,絵,え - picture,2024-07-20 13:16:35.939772,0,2.5,0,['N5']
75bbea12-ad27-4a91-9fc3-ef0caf016b38,JLPT N5 Vocab,d451f293-43f4-4b7f-affd-0f4af7e046ee,使う,つかう - to use,2024-07-20 13:16:35.939772,0,2.5,0,['N5']
75bbea12-ad27-4a91-9fc3-ef0caf016b38,JLPT N5 Vocab,f75be0ce-10b5-43ac-92d0-4599a4537706,休む,やすむ - to rest,2024-07-20 13:16:35.939772,0,2.5,0,['N5']
75bbea12-ad27-4a91-9fc3-ef0caf016b38,JLPT N5 Vocab,f6935e78-842a-434d-85db-ccdb2e2c9a55,テスト,test,2024-07-20 13:16:35.939772,0,2.5,0,['N5']
75bbea12-ad27-4a91-9fc3-ef0caf016b38,JLPT N5 Vocab,885c8587-ab9a-489b-838e-9104eb2e3b50,貼る,はる - to stick,2024-07-20 13:16:35.939772,0,2.5,0,['N5']
75bbea12-ad27-4a91-9fc3-ef0caf016b38,JLPT N5 Vocab,2aa29eab-00e8-412a-9875-fb4255dd54d1,たばこ,"tobacco, cigarettes",2024-07-20 13:16:35.939772,0,2.5,0,['N5']
75bbea12-ad27-4a91-9fc3-ef0caf016b38,JLPT N5 Vocab,11a7c84f-9338-495b-a1aa-3b25da95896c,涼しい,すずしい - refreshing,2024-07-20 13:16:35.939772,0,2.5,0,['N5']
75bbea12-ad27-4a91-9fc3-ef0caf016b38,JLPT N5 Vocab,ff3c78eb-efaa-43a3-a586-5457b394c004,昨日,きのう - yesterday,2024-07-20 13:16:35.939772,0,2.5,0,['N5']
75bbea12-ad27-4a91-9fc3-ef0caf016b38,JLPT N5 Vocab,88d9e1dd-202e-4769-a25f-977d8546645d,せっけん,economy,2024-07-20 13:16:35.939772,0,2.5,0,['N5']
75bbea12-ad27-4a91-9fc3-ef0caf016b38,JLPT N5 Vocab,aeda453c-3919-42c0-abbf-b8b65afae4df,初め / 始め,はじめ - beginning,2024-07-20 13:16:35.939772,0,2.5,0,['N5']
